Workbook

Sheet Schedule
A1: Address
A2: Project Start Date: | C2: 45985
A3: Task ID | B3: Task Name | C3: Duration (days) | D3: Pred Task ID | E3: Pred Type (FS/SS) | F3: Lag (days) | G3: Start | H3: Finish | I3: Status
A4: 1 | B4: Site cut & crossover gravel | C4: 1 | F4: 1 | G4: 46132 | H4: =IF(G4="","",WORKDAY(G4,C4-1)) -> 46132 | I4: Completed
A5: 2 | B5: House setout | C5: 1 | D5: 1 | E5: FS | F5: 0 | G5: =IF(D5="",$C$2,IF(E5="FS",WORKDAY(INDEX($H:$H,MATCH(D5,$A:$A,0)),F5+1),WORKDAY(INDEX($G:$G,MATCH(D5,$A:$A,0)),F5))) -> 46133 | H5: =IF(G5="","",WORKDAY(G5,C5-1)) -> 46133 | I5: Planning
A6: 3 | B6: Underground plumbing | C6: 3 | D6: 6 | E6: FS | F6: 0 | G6: =IF(D6="",$C$2,IF(E6="FS",WORKDAY(INDEX($H:$H,MATCH(D6,$A:$A,0)),F6+1),WORKDAY(INDEX($G:$G,MATCH(D6,$A:$A,0)),F6))) -> 46136 | H6: =IF(G6="","",WORKDAY(G6,C6-1)) -> 46140 | I6: Planning
A7: 4 | B7: Foundation materials delivery | C7: 1 | D7: 3 | E7: FS | F7: 0 | G7: =IF(D7="",$C$2,IF(E7="FS",WORKDAY(INDEX($H:$H,MATCH(D7,$A:$A,0)),F7+1),WORKDAY(INDEX($G:$G,MATCH(D7,$A:$A,0)),F7))) -> 46141 | H7: =IF(G7="","",WORKDAY(G7,C8-1)) -> 46141 | I7: Planning
A8: 5 | B8: Piers exacavation | C8: 1 | D8: 2 | E8: FS | F8: 0 | G8: =IF(D8="",$C$2,IF(E8="FS",WORKDAY(INDEX($H:$H,MATCH(D8,$A:$A,0)),F8+1),WORKDAY(INDEX($G:$G,MATCH(D8,$A:$A,0)),F8))) -> 46134 | H8: =IF(G8="","",WORKDAY(G8,C9-1)) -> 46134 | I8: Planning
A9: 6 | B9: Piers concrete pour | C9: 1 | D9: 5 | E9: FS | F9: 0 | G9: =IF(D9="",$C$2,IF(E9="FS",WORKDAY(INDEX($H:$H,MATCH(D9,$A:$A,0)),F9+1),WORKDAY(INDEX($G:$G,MATCH(D9,$A:$A,0)),F9))) -> 46135 | H9: =IF(G9="","",WORKDAY(G9,C10-1)) -> 46135 | I9: Planning
A10: 7 | B10: Piers engineering inspection | C10: 1 | D10: 6 | E10: SS | F10: 0 | G10: =IF(D10="",$C$2,IF(E10="FS",WORKDAY(INDEX($H:$H,MATCH(D10,$A:$A,0)),F10+1),WORKDAY(INDEX($G:$G,MATCH(D10,$A:$A,0)),F10))) -> 46135 | H10: =IF(G10="","",WORKDAY(G10,C11-1)) -> 46135 | I10: Planning
A11: 8 | B11: 4 slab pour | C11: 1 | D11: 9 | E11: FS | F11: 0 | G11: =G12+1 -> 46144 | H11: =IF(G11="","",WORKDAY(G11,C12-1)) -> 46144 | I11: Planning
A12: 9 | B12: 4 Slab prepare | C12: 1 | D12: 4 | E12: FS | F12: 1 | G12: =IF(D12="",$C$2,IF(E12="FS",WORKDAY(INDEX($H:$H,MATCH(D12,$A:$A,0)),F12+1),WORKDAY(INDEX($G:$G,MATCH(D12,$A:$A,0)),F12))) -> 46143 | H12: =IF(G12="","",WORKDAY(G12,C12-1)) -> 46143 | I12: Planning
A13: 10 | B13: 4 Termite | C13: 1 | D13: 9 | E13: SS | F13: 0 | G13: =IF(D13="",$C$2,IF(E13="FS",WORKDAY(INDEX($H:$H,MATCH(D13,$A:$A,0)),F13+1),WORKDAY(INDEX($G:$G,MATCH(D13,$A:$A,0)),F13))) -> 46143 | H13: =IF(G4="","",WORKDAY(G4,C4-1)) -> 46132 | I13: Planning
A14: 11 | B14: 4 engineering inspection | C14: 1 | D14: 9 | E14: FS | F14: -1 | G14: =IF(D14="",$C$2,IF(E14="FS",WORKDAY(INDEX($H:$H,MATCH(D14,$A:$A,0)),F14+1),WORKDAY(INDEX($G:$G,MATCH(D14,$A:$A,0)),F14))) -> 46143 | H14: =IF(G14="","",WORKDAY(G14,C14-1)) -> 46143 | I14: Planning
A15: 12 | B15: 4 termite under frames | C15: 1 | D15: 8 | E15: SS | F15: 1 | G15: =IF(D15="",$C$2,IF(E15="FS",WORKDAY(INDEX($H:$H,MATCH(D15,$A:$A,0)),F15+1),WORKDAY(INDEX($G:$G,MATCH(D15,$A:$A,0)),F15))) -> 46146 | H15: =IF(G15="","",WORKDAY(G15,C15-1)) -> 46146 | I15: Planning
A16: 13 | B16: 4 ground floor framing delivery | C16: 1 | D16: 77 | E16: FS | F16: 3 | G16: =IF(D16="",$C$2,IF(E16="FS",WORKDAY(INDEX($H:$H,MATCH(D16,$A:$A,0)),F16+1),WORKDAY(INDEX($G:$G,MATCH(D16,$A:$A,0)),F16))) -> 46150 | H16: =IF(G16="","",WORKDAY(G16,C16-1)) -> 46150 | I16: Planning
A17: 14 | B17: 4 ground floor framing | C17: 14 | D17: 13 | E17: FS | F17: 0 | G17: =IF(D17="",$C$2,IF(E17="FS",WORKDAY(INDEX($H:$H,MATCH(D17,$A:$A,0)),F17+1),WORKDAY(INDEX($G:$G,MATCH(D17,$A:$A,0)),F17))) -> 46153 | H17: =IF(G17="","",WORKDAY(G17,C17-1)) -> 46170 | I17: Planning
A18: 15 | C18: 0 | E18: FS | F18: 0 | G18: =IF(D18="",$C$2,IF(E18="FS",WORKDAY(INDEX($H:$H,MATCH(D18,$A:$A,0)),F18+1),WORKDAY(INDEX($G:$G,MATCH(D18,$A:$A,0)),F18))) -> 45985 | H18: =IF(G18="","",WORKDAY(G18,C18-1)) -> 45982 | I18: Planning
A19: 16 | C19: 0 | E19: FS | F19: 0 | G19: =IF(D19="",$C$2,IF(E19="FS",WORKDAY(INDEX($H:$H,MATCH(D19,$A:$A,0)),F19+1),WORKDAY(INDEX($G:$G,MATCH(D19,$A:$A,0)),F19))) -> 45985 | H19: =IF(G19="","",WORKDAY(G19,C19-1)) -> 45982 | I19: Planning
A20: 17 | B20: 4 midfloor materials delivery | C20: 1 | D20: 18 | E20: SS | F20: 0 | G20: =IF(D20="",$C$2,IF(E20="FS",WORKDAY(INDEX($H:$H,MATCH(D20,$A:$A,0)),F20+1),WORKDAY(INDEX($G:$G,MATCH(D20,$A:$A,0)),F20))) -> 46171 | H20: =IF(G20="","",WORKDAY(G20,C20-1)) -> 46171 | I20: Planning
A21: 18 | B21: 4 midfloor joists and nogging install | C21: 1 | D21: 14 | E21: FS | F21: 0 | G21: =IF(D21="",$C$2,IF(E21="FS",WORKDAY(INDEX($H:$H,MATCH(D21,$A:$A,0)),F21+1),WORKDAY(INDEX($G:$G,MATCH(D21,$A:$A,0)),F21))) -> 46171 | H21: =IF(G21="","",WORKDAY(G21,C21-1)) -> 46171 | I21: Planning
A22: 19 | B22: 4 midfloor flooring install | C22: 1 | D22: 17 | E22: FS | F22: 0 | G22: =IF(D22="",$C$2,IF(E22="FS",WORKDAY(INDEX($H:$H,MATCH(D22,$A:$A,0)),F22+1),WORKDAY(INDEX($G:$G,MATCH(D22,$A:$A,0)),F22))) -> 46174 | H22: =IF(G22="","",WORKDAY(G22,C22-1)) -> 46174 | I22: Planning
A23: 20 | B23: 4 upper framing&lower roof delivery | C23: 1 | D23: 19 | E23: SS | F23: 0 | G23: =IF(D23="",$C$2,IF(E23="FS",WORKDAY(INDEX($H:$H,MATCH(D23,$A:$A,0)),F23+1),WORKDAY(INDEX($G:$G,MATCH(D23,$A:$A,0)),F23))) -> 46174 | H23: =IF(G23="","",WORKDAY(G23,C23-1)) -> 46174 | I23: Planning
A24: 21 | B24: 4 upper framing install | C24: 2 | D24: 20 | E24: FS | F24: 0 | G24: =IF(D24="",$C$2,IF(E24="FS",WORKDAY(INDEX($H:$H,MATCH(D24,$A:$A,0)),F24+1),WORKDAY(INDEX($G:$G,MATCH(D24,$A:$A,0)),F24))) -> 46175 | H24: =IF(G24="","",WORKDAY(G24,C24-1)) -> 46176 | I24: Planning
A25: 22 | B25: 4 lower roof truss install | C25: 2 | D25: 21 | E25: FS | F25: 0 | G25: =IF(D25="",$C$2,IF(E25="FS",WORKDAY(INDEX($H:$H,MATCH(D25,$A:$A,0)),F25+1),WORKDAY(INDEX($G:$G,MATCH(D25,$A:$A,0)),F25))) -> 46177 | H25: =IF(G25="","",WORKDAY(G25,C25-1)) -> 46178 | I25: Planning
A26: 23 | B26: 4 lower roof edge protection ? | C26: 1 | D26: 22 | E26: FS | F26: 0 | G26: =IF(D26="",$C$2,IF(E26="FS",WORKDAY(INDEX($H:$H,MATCH(D26,$A:$A,0)),F26+1),WORKDAY(INDEX($G:$G,MATCH(D26,$A:$A,0)),F26))) -> 46181 | H26: =IF(G26="","",WORKDAY(G26,C26-1)) -> 46181 | I26: Planning
A27: 24 | B27: 4 lower roof install | C27: 5 | D27: 23 | E27: FS | F27: 0 | G27: =IF(D27="",$C$2,IF(E27="FS",WORKDAY(INDEX($H:$H,MATCH(D27,$A:$A,0)),F27+1),WORKDAY(INDEX($G:$G,MATCH(D27,$A:$A,0)),F27))) -> 46182 | H27: =IF(G27="","",WORKDAY(G27,C27-1)) -> 46188
A28: 25 | B28: 4 scaffolding up | C28: 2 | D28: 24 | E28: FS | F28: 0 | G28: =IF(D28="",$C$2,IF(E28="FS",WORKDAY(INDEX($H:$H,MATCH(D28,$A:$A,0)),F28+1),WORKDAY(INDEX($G:$G,MATCH(D28,$A:$A,0)),F28))) -> 46189 | H28: =IF(G28="","",WORKDAY(G28,C28-1)) -> 46190
A29: 26 | B29: 4 upper roof truss delivery | C29: 1 | D29: 25 | E29: SS | F29: 0 | G29: =IF(D29="",$C$2,IF(E29="FS",WORKDAY(INDEX($H:$H,MATCH(D29,$A:$A,0)),F29+1),WORKDAY(INDEX($G:$G,MATCH(D29,$A:$A,0)),F29))) -> 46189 | H29: =IF(G29="","",WORKDAY(G29,C29-1)) -> 46189
A30: 27 | B30: 4 upper roof truss install | C30: 2 | D30: 26 | E30: FS | F30: 0 | G30: =IF(D30="",$C$2,IF(E30="FS",WORKDAY(INDEX($H:$H,MATCH(D30,$A:$A,0)),F30+1),WORKDAY(INDEX($G:$G,MATCH(D30,$A:$A,0)),F30))) -> 46190 | H30: =IF(G30="","",WORKDAY(G30,C30-1)) -> 46191
A31: 28 | B31: 4 upper roof edge protection （not required?) | C31: 0 | D31: 27 | E31: FS | F31: 0 | G31: =IF(D31="",$C$2,IF(E31="FS",WORKDAY(INDEX($H:$H,MATCH(D31,$A:$A,0)),F31+1),WORKDAY(INDEX($G:$G,MATCH(D31,$A:$A,0)),F31))) -> 46192 | H31: =IF(G31="","",WORKDAY(G31,C31-1)) -> 46191
A32: 29 | B32: 4 upper roof install | C32: 14 | D32: 28 | E32: FS | F32: 0 | G32: =IF(D32="",$C$2,IF(E32="FS",WORKDAY(INDEX($H:$H,MATCH(D32,$A:$A,0)),F32+1),WORKDAY(INDEX($G:$G,MATCH(D32,$A:$A,0)),F32))) -> 46192 | H32: =IF(G32="","",WORKDAY(G32,C32-1)) -> 46211
A33: 30 | B33: 4 electrical roughin | C33: 2 | D33: 29 | E33: FS | F33: 0 | G33: =IF(D33="",$C$2,IF(E33="FS",WORKDAY(INDEX($H:$H,MATCH(D33,$A:$A,0)),F33+1),WORKDAY(INDEX($G:$G,MATCH(D33,$A:$A,0)),F33))) -> 46212 | H33: =IF(G33="","",WORKDAY(G33,C33-1)) -> 46213
A34: 31 | B34: 4 AC roughin | C34: 2 | D34: 29 | E34: FS | F34: 0 | G34: =IF(D34="",$C$2,IF(E34="FS",WORKDAY(INDEX($H:$H,MATCH(D34,$A:$A,0)),F34+1),WORKDAY(INDEX($G:$G,MATCH(D34,$A:$A,0)),F34))) -> 46212 | H34: =IF(G34="","",WORKDAY(G34,C34-1)) -> 46213
A35: 32 | B35: 4 plumbing roughin | C35: 2 | D35: 30 | E35: FS | F35: 0 | G35: =IF(D35="",$C$2,IF(E35="FS",WORKDAY(INDEX($H:$H,MATCH(D35,$A:$A,0)),F35+1),WORKDAY(INDEX($G:$G,MATCH(D35,$A:$A,0)),F35))) -> 46216 | H35: =IF(G35="","",WORKDAY(G35,C35-1)) -> 46217
A36: 33 | B36: 4 wall wrap | C36: 1 | D36: 27 | E36: FS | F36: 0 | G36: =IF(D36="",$C$2,IF(E36="FS",WORKDAY(INDEX($H:$H,MATCH(D36,$A:$A,0)),F36+1),WORKDAY(INDEX($G:$G,MATCH(D36,$A:$A,0)),F36))) -> 46192 | H36: =IF(G36="","",WORKDAY(G36,C36-1)) -> 46192
A37: 34 | B37: 4 framing inspection | C37: 1 | D37: 27 | E37: FS | F37: 0 | G37: =IF(D37="",$C$2,IF(E37="FS",WORKDAY(INDEX($H:$H,MATCH(D37,$A:$A,0)),F37+1),WORKDAY(INDEX($G:$G,MATCH(D37,$A:$A,0)),F37))) -> 46192 | H37: =IF(G37="","",WORKDAY(G37,C37-1)) -> 46192
A38: 35 | B38: 4 windows delivery | C38: 1 | D38: 29 | E38: FS | F38: -1 | G38: =IF(D38="",$C$2,IF(E38="FS",WORKDAY(INDEX($H:$H,MATCH(D38,$A:$A,0)),F38+1),WORKDAY(INDEX($G:$G,MATCH(D38,$A:$A,0)),F38))) -> 46211 | H38: =IF(G38="","",WORKDAY(G38,C38-1)) -> 46211
A39: 36 | B39: 4 entry doors delivery | C39: 1 | D39: 29 | E39: FS | F39: -1 | G39: =IF(D39="",$C$2,IF(E39="FS",WORKDAY(INDEX($H:$H,MATCH(D39,$A:$A,0)),F39+1),WORKDAY(INDEX($G:$G,MATCH(D39,$A:$A,0)),F39))) -> 46211 | H39: =IF(G39="","",WORKDAY(G39,C39-1)) -> 46211 | J39: Entry door TBA
A40: 37 | B40: 4 lockup labour | C40: 1 | D40: 29 | E40: FS | F40: 0 | G40: =IF(D40="",$C$2,IF(E40="FS",WORKDAY(INDEX($H:$H,MATCH(D40,$A:$A,0)),F40+1),WORKDAY(INDEX($G:$G,MATCH(D40,$A:$A,0)),F40))) -> 46212 | H40: =IF(G40="","",WORKDAY(G40,C40-1)) -> 46212
A41: 38 | B41: 4 staircase supply&install | C41: 1 | D41: 29 | E41: FS | F41: 0 | G41: =IF(D41="",$C$2,IF(E41="FS",WORKDAY(INDEX($H:$H,MATCH(D41,$A:$A,0)),F41+1),WORKDAY(INDEX($G:$G,MATCH(D41,$A:$A,0)),F41))) -> 46212 | H41: =IF(G41="","",WORKDAY(G41,C41-1)) -> 46212
A42: 39 | B42: 4 brick delivery | C42: 1 | D42: 32 | E42: FS | F42: -1 | G42: =IF(D42="",$C$2,IF(E42="FS",WORKDAY(INDEX($H:$H,MATCH(D42,$A:$A,0)),F42+1),WORKDAY(INDEX($G:$G,MATCH(D42,$A:$A,0)),F42))) -> 46217 | H42: =IF(G42="","",WORKDAY(G42,C42-1)) -> 46217
A43: 40 | B43: 4 brick install | C43: 7 | D43: 39 | E43: FS | F43: 0 | G43: =IF(D43="",$C$2,IF(E43="FS",WORKDAY(INDEX($H:$H,MATCH(D43,$A:$A,0)),F43+1),WORKDAY(INDEX($G:$G,MATCH(D43,$A:$A,0)),F43))) -> 46218 | H43: =IF(G43="","",WORKDAY(G43,C43-1)) -> 46226
A44: 41 | B44: 4 Staircase measure | C44: 1 | D44: 19 | E44: FS | F44: 0 | G44: =IF(D44="",$C$2,IF(E44="FS",WORKDAY(INDEX($H:$H,MATCH(D44,$A:$A,0)),F44+1),WORKDAY(INDEX($G:$G,MATCH(D44,$A:$A,0)),F44))) -> 46175 | H44: =IF(G44="","",WORKDAY(G44,C44-1)) -> 46175
A45: 42 | B45: 4 cladding delivery | C45: 1 | D45: 40 | E45: FS | F45: -1 | G45: =IF(D45="",$C$2,IF(E45="FS",WORKDAY(INDEX($H:$H,MATCH(D45,$A:$A,0)),F45+1),WORKDAY(INDEX($G:$G,MATCH(D45,$A:$A,0)),F45))) -> 46226 | H45: =IF(G45="","",WORKDAY(G45,C45-1)) -> 46226
A46: 43 | B46: 4 cladding install | C46: 7 | D46: 42 | E46: FS | F46: 0 | G46: =IF(D46="",$C$2,IF(E46="FS",WORKDAY(INDEX($H:$H,MATCH(D46,$A:$A,0)),F46+1),WORKDAY(INDEX($G:$G,MATCH(D46,$A:$A,0)),F46))) -> 46227 | H46: =IF(G46="","",WORKDAY(G46,C46-1)) -> 46237
A47: 44 | B47: 4 termite under bricks | C47: 1 | D47: 40 | E47: SS | F47: 0 | G47: =IF(D47="",$C$2,IF(E47="FS",WORKDAY(INDEX($H:$H,MATCH(D47,$A:$A,0)),F47+1),WORKDAY(INDEX($G:$G,MATCH(D47,$A:$A,0)),F47))) -> 46218 | H47: =IF(G47="","",WORKDAY(G47,C47-1)) -> 46218
A48: 45 | B48: 4 external painting | C48: 7 | D48: 43 | E48: FS | F48: 0 | G48: =IF(D48="",$C$2,IF(E48="FS",WORKDAY(INDEX($H:$H,MATCH(D48,$A:$A,0)),F48+1),WORKDAY(INDEX($G:$G,MATCH(D48,$A:$A,0)),F48))) -> 46238 | H48: =IF(G48="","",WORKDAY(G48,C48-1)) -> 46246
A49: 46 | B49: 4 scaffolding down | C49: 1 | D49: 45 | E49: FS | F49: 0 | G49: =IF(D49="",$C$2,IF(E49="FS",WORKDAY(INDEX($H:$H,MATCH(D49,$A:$A,0)),F49+1),WORKDAY(INDEX($G:$G,MATCH(D49,$A:$A,0)),F49))) -> 46247 | H49: =IF(G49="","",WORKDAY(G49,C49-1)) -> 46247
A50: 47 | B50: 4 plasterboard supply&install&set | C50: 10 | D50: 65 | E50: FS | F50: 0 | G50: =IF(D50="",$C$2,IF(E50="FS",WORKDAY(INDEX($H:$H,MATCH(D50,$A:$A,0)),F50+1),WORKDAY(INDEX($G:$G,MATCH(D50,$A:$A,0)),F50))) -> 46219 | H50: =IF(G50="","",WORKDAY(G50,C50-1)) -> 46232
A51: 48 | B51: 4 internal painting | C51: 10 | D51: 63 | E51: FS | F51: 0 | G51: =IF(D51="",$C$2,IF(E51="FS",WORKDAY(INDEX($H:$H,MATCH(D51,$A:$A,0)),F51+1),WORKDAY(INDEX($G:$G,MATCH(D51,$A:$A,0)),F51))) -> 46237 | H51: =IF(G51="","",WORKDAY(G51,C51-1)) -> 46248
... A79: 76 | B79: 4 House clean | C79: 1 | D79: 72 | E79: FS | F79: 0 | G79: =IF(D79="",$C$2,IF(E79="FS",WORKDAY(INDEX($H:$H,MATCH(D79,$A:$A,0)),F79+1),WORKDAY(INDEX($G:$G,MATCH(D79,$A:$A,0)),F79))) -> 46272 | H79: =IF(G79="","",WORKDAY(G79,C79-1)) -> 46272
A80: 77 | C80: 1 | D80: 8 | E80: FS | F80: 0 | G80: =IF(D80="",$C$2,IF(E80="FS",WORKDAY(INDEX($H:$H,MATCH(D80,$A:$A,0)),F80+1),WORKDAY(INDEX($G:$G,MATCH(D80,$A:$A,0)),F80))) -> 46146 | H80: =IF(G80="","",WORKDAY(G80,C80-1)) -> 46146
A81: 78 | C81: 1 | D81: 40 | E81: SS | F81: 0 | G81: =IF(D81="",$C$2,IF(E81="FS",WORKDAY(INDEX($H:$H,MATCH(D81,$A:$A,0)),F81+1),WORKDAY(INDEX($G:$G,MATCH(D81,$A:$A,0)),F81))) -> 46218 | H81: =IF(G81="","",WORKDAY(G81,C81-1)) -> 46218
A82: 79
G168: =IF(D168="",$C$2,IF(E168="FS",WORKDAY(INDEX($H:$H,MATCH(D168,$A:$A,0)),F168+1),WORKDAY(INDEX($G:$G,MATCH(D168,$A:$A,0)),F168))) -> 45985 | H168: =IF(G168="","",WORKDAY(G168,C168-1)) -> 45982
G169: =IF(D169="",$C$2,IF(E169="FS",WORKDAY(INDEX($H:$H,MATCH(D169,$A:$A,0)),F169+1),WORKDAY(INDEX($G:$G,MATCH(D169,$A:$A,0)),F169))) -> 45985 | H169: =IF(G169="","",WORKDAY(G169,C169-1)) -> 45982
G170: =IF(D170="",$C$2,IF(E170="FS",WORKDAY(INDEX($H:$H,MATCH(D170,$A:$A,0)),F170+1),WORKDAY(INDEX($G:$G,MATCH(D170,$A:$A,0)),F170))) -> 45985 | H170: =IF(G170="","",WORKDAY(G170,C170-1)) -> 45982
G171: =IF(D171="",$C$2,IF(E171="FS",WORKDAY(INDEX($H:$H,MATCH(D171,$A:$A,0)),F171+1),WORKDAY(INDEX($G:$G,MATCH(D171,$A:$A,0)),F171))) -> 45985 | H171: =IF(G171="","",WORKDAY(G171,C171-1)) -> 45982
G172: =IF(D172="",$C$2,IF(E172="FS",WORKDAY(INDEX($H:$H,MATCH(D172,$A:$A,0)),F172+1),WORKDAY(INDEX($G:$G,MATCH(D172,$A:$A,0)),F172))) -> 45985 | H172: =IF(G172="","",WORKDAY(G172,C172-1)) -> 45982
G173: =IF(D173="",$C$2,IF(E173="FS",WORKDAY(INDEX($H:$H,MATCH(D173,$A:$A,0)),F173+1),WORKDAY(INDEX($G:$G,MATCH(D173,$A:$A,0)),F173))) -> 45985 | H173: =IF(G173="","",WORKDAY(G173,C173-1)) -> 45982
G174: =IF(D174="",$C$2,IF(E174="FS",WORKDAY(INDEX($H:$H,MATCH(D174,$A:$A,0)),F174+1),WORKDAY(INDEX($G:$G,MATCH(D174,$A:$A,0)),F174))) -> 45985 | H174: =IF(G174="","",WORKDAY(G174,C174-1)) -> 45982
G175: =IF(D175="",$C$2,IF(E175="FS",WORKDAY(INDEX($H:$H,MATCH(D175,$A:$A,0)),F175+1),WORKDAY(INDEX($G:$G,MATCH(D175,$A:$A,0)),F175))) -> 45985 | H175: =IF(G175="","",WORKDAY(G175,C175-1)) -> 45982
G176: =IF(D176="",$C$2,IF(E176="FS",WORKDAY(INDEX($H:$H,MATCH(D176,$A:$A,0)),F176+1),WORKDAY(INDEX($G:$G,MATCH(D176,$A:$A,0)),F176))) -> 45985 | H176: =IF(G176="","",WORKDAY(G176,C176-1)) -> 45982
G177: =IF(D177="",$C$2,IF(E177="FS",WORKDAY(INDEX($H:$H,MATCH(D177,$A:$A,0)),F177+1),WORKDAY(INDEX($G:$G,MATCH(D177,$A:$A,0)),F177))) -> 45985 | H177: =IF(G177="","",WORKDAY(G177,C177-1)) -> 45982
G178: =IF(D178="",$C$2,IF(E178="FS",WORKDAY(INDEX($H:$H,MATCH(D178,$A:$A,0)),F178+1),WORKDAY(INDEX($G:$G,MATCH(D178,$A:$A,0)),F178))) -> 45985 | H178: =IF(G178="","",WORKDAY(G178,C178-1)) -> 45982
G179: =IF(D179="",$C$2,IF(E179="FS",WORKDAY(INDEX($H:$H,MATCH(D179,$A:$A,0)),F179+1),WORKDAY(INDEX($G:$G,MATCH(D179,$A:$A,0)),F179))) -> 45985 | H179: =IF(G179="","",WORKDAY(G179,C179-1)) -> 45982
... G203: =IF(D203="",$C$2,IF(E203="FS",WORKDAY(INDEX($H:$H,MATCH(D203,$A:$A,0)),F203+1),WORKDAY(INDEX($G:$G,MATCH(D203,$A:$A,0)),F203))) -> 45985 | H203: =IF(G203="","",WORKDAY(G203,C203-1)) -> 45982
A206: Notes:
A207: 1) Enter the Project Start Date in C1. 2) For each task, fill Task ID, Task Name, Duration (working days). 3) For dependent tasks, fill Pred Task ID (the predecessor's Task ID), Pred Type (FS or SS), and Lag (days; can be 0, positive, or negative). 4) Start and Finish will calculate automatically using WORKDAY (weekends excluded).

Sheet Gantt
A1: Gantt View (linked to Schedule) | C1: =IF(C2="","",TEXT(C2,"d-mmm")) -> 24-Nov | D1: =IF(D2="","",TEXT(D2,"d-mmm")) -> 25-Nov | E1: =IF(E2="","",TEXT(E2,"d-mmm")) -> 26-Nov | F1: =IF(F2="","",TEXT(F2,"d-mmm")) -> 27-Nov | G1: =IF(G2="","",TEXT(G2,"d-mmm")) -> 28-Nov | H1: =IF(H2="","",TEXT(H2,"d-mmm")) -> 29-Nov | I1: =IF(I2="","",TEXT(I2,"d-mmm")) -> 30-Nov | J1: =IF(J2="","",TEXT(J2,"d-mmm")) -> 1-Dec | ... EZ1: =IF(EZ2="","",TEXT(EZ2,"d-mmm")) -> 26-Apr
A2: Task ID | B2: Task Name | C2: =IF(Schedule!$C$2="","",Schedule!$C$2) -> 45985 | D2: =IF(C2="","",C2+1) -> 45986 | E2: =IF(D2="","",D2+1) -> 45987 | F2: =IF(E2="","",E2+1) -> 45988 | G2: =IF(F2="","",F2+1) -> 45989 | H2: =IF(G2="","",G2+1) -> 45990 | I2: =IF(H2="","",H2+1) -> 45991 | J2: =IF(I2="","",I2+1) -> 45992 | K2: =IF(J2="","",J2+1) -> 45993 | ... EZ2: =IF(EY2="","",EY2+1) -> 46138
A3: =Schedule!A4 -> 1 | B3: =Schedule!B4 -> Site cut & crossover gravel | C3: =IF(C2="","",IF(AND(C2>=Schedule!$G4,C2<=Schedule!$H4),"■","")) | D3: =IF(D2="","",IF(AND(D2>=Schedule!$G4,D2<=Schedule!$H4),"■","")) | E3: =IF(E2="","",IF(AND(E2>=Schedule!$G4,E2<=Schedule!$H4),"■","")) | F3: =IF(F2="","",IF(AND(F2>=Schedule!$G4,F2<=Schedule!$H4),"■","")) | G3: =IF(G2="","",IF(AND(G2>=Schedule!$G4,G2<=Schedule!$H4),"■","")) | H3: =IF(H2="","",IF(AND(H2>=Schedule!$G4,H2<=Schedule!$H4),"■","")) | I3: =IF(I2="","",IF(AND(I2>=Schedule!$G4,I2<=Schedule!$H4),"■","")) | J3: =IF(J2="","",IF(AND(J2>=Schedule!$G4,J2<=Schedule!$H4),"■","")) | ... EZ3: =IF(EZ2="","",IF(AND(EZ2>=Schedule!$G4,EZ2<=Schedule!$H4),"■",""))
A4: =Schedule!A5 -> 2 | B4: =Schedule!B5 -> House setout | C4: =IF(C2="","",IF(AND(C2>=Schedule!$G5,C2<=Schedule!$H5),"■","")) | D4: =IF(D2="","",IF(AND(D2>=Schedule!$G5,D2<=Schedule!$H5),"■","")) | E4: =IF(E2="","",IF(AND(E2>=Schedule!$G5,E2<=Schedule!$H5),"■","")) | F4: =IF(F2="","",IF(AND(F2>=Schedule!$G5,F2<=Schedule!$H5),"■","")) | G4: =IF(G2="","",IF(AND(G2>=Schedule!$G5,G2<=Schedule!$H5),"■","")) | H4: =IF(H2="","",IF(AND(H2>=Schedule!$G5,H2<=Schedule!$H5),"■","")) | I4: =IF(I2="","",IF(AND(I2>=Schedule!$G5,I2<=Schedule!$H5),"■","")) | J4: =IF(J2="","",IF(AND(J2>=Schedule!$G5,J2<=Schedule!$H5),"■","")) | ... EZ4: =IF(EZ2="","",IF(AND(EZ2>=Schedule!$G5,EZ2<=Schedule!$H5),"■",""))
A5: =Schedule!A6 -> 3 | B5: =Schedule!B6 -> Underground plumbing | C5: =IF(C2="","",IF(AND(C2>=Schedule!$G6,C2<=Schedule!$H6),"■","")) | D5: =IF(D2="","",IF(AND(D2>=Schedule!$G6,D2<=Schedule!$H6),"■","")) | E5: =IF(E2="","",IF(AND(E2>=Schedule!$G6,E2<=Schedule!$H6),"■","")) | F5: =IF(F2="","",IF(AND(F2>=Schedule!$G6,F2<=Schedule!$H6),"■","")) | G5: =IF(G2="","",IF(AND(G2>=Schedule!$G6,G2<=Schedule!$H6),"■","")) | H5: =IF(H2="","",IF(AND(H2>=Schedule!$G6,H2<=Schedule!$H6),"■","")) | I5: =IF(I2="","",IF(AND(I2>=Schedule!$G6,I2<=Schedule!$H6),"■","")) | J5: =IF(J2="","",IF(AND(J2>=Schedule!$G6,J2<=Schedule!$H6),"■","")) | ... EZ5: =IF(EZ2="","",IF(AND(EZ2>=Schedule!$G6,EZ2<=Schedule!$H6),"■","")) -> ■
A6: =Schedule!A7 -> 4 | B6: =Schedule!B7 -> Foundation materials delivery | C6: =IF(C2="","",IF(AND(C2>=Schedule!$G7,C2<=Schedule!$H7),"■","")) | D6: =IF(D2="","",IF(AND(D2>=Schedule!$G7,D2<=Schedule!$H7),"■","")) | E6: =IF(E2="","",IF(AND(E2>=Schedule!$G7,E2<=Schedule!$H7),"■","")) | F6: =IF(F2="","",IF(AND(F2>=Schedule!$G7,F2<=Schedule!$H7),"■","")) | G6: =IF(G2="","",IF(AND(G2>=Schedule!$G7,G2<=Schedule!$H7),"■","")) | H6: =IF(H2="","",IF(AND(H2>=Schedule!$G7,H2<=Schedule!$H7),"■","")) | I6: =IF(I2="","",IF(AND(I2>=Schedule!$G7,I2<=Schedule!$H7),"■","")) | J6: =IF(J2="","",IF(AND(J2>=Schedule!$G7,J2<=Schedule!$H7),"■","")) | ... EZ6: =IF(EZ2="","",IF(AND(EZ2>=Schedule!$G7,EZ2<=Schedule!$H7),"■",""))
A7: =Schedule!A8 -> 5 | B7: =Schedule!B8 -> Piers exacavation | C7: =IF(C2="","",IF(AND(C2>=Schedule!$G8,C2<=Schedule!$H8),"■","")) | D7: =IF(D2="","",IF(AND(D2>=Schedule!$G8,D2<=Schedule!$H8),"■","")) | E7: =IF(E2="","",IF(AND(E2>=Schedule!$G8,E2<=Schedule!$H8),"■","")) | F7: =IF(F2="","",IF(AND(F2>=Schedule!$G8,F2<=Schedule!$H8),"■","")) | G7: =IF(G2="","",IF(AND(G2>=Schedule!$G8,G2<=Schedule!$H8),"■","")) | H7: =IF(H2="","",IF(AND(H2>=Schedule!$G8,H2<=Schedule!$H8),"■","")) | I7: =IF(I2="","",IF(AND(I2>=Schedule!$G8,I2<=Schedule!$H8),"■","")) | J7: =IF(J2="","",IF(AND(J2>=Schedule!$G8,J2<=Schedule!$H8),"■","")) | ... EZ7: =IF(EZ2="","",IF(AND(EZ2>=Schedule!$G8,EZ2<=Schedule!$H8),"■",""))
A8: =Schedule!A9 -> 6 | B8: =Schedule!B9 -> Piers concrete pour | C8: =IF(C2="","",IF(AND(C2>=Schedule!$G9,C2<=Schedule!$H9),"■","")) | D8: =IF(D2="","",IF(AND(D2>=Schedule!$G9,D2<=Schedule!$H9),"■","")) | E8: =IF(E2="","",IF(AND(E2>=Schedule!$G9,E2<=Schedule!$H9),"■","")) | F8: =IF(F2="","",IF(AND(F2>=Schedule!$G9,F2<=Schedule!$H9),"■","")) | G8: =IF(G2="","",IF(AND(G2>=Schedule!$G9,G2<=Schedule!$H9),"■","")) | H8: =IF(H2="","",IF(AND(H2>=Schedule!$G9,H2<=Schedule!$H9),"■","")) | I8: =IF(I2="","",IF(AND(I2>=Schedule!$G9,I2<=Schedule!$H9),"■","")) | J8: =IF(J2="","",IF(AND(J2>=Schedule!$G9,J2<=Schedule!$H9),"■","")) | ... EZ8: =IF(EZ2="","",IF(AND(EZ2>=Schedule!$G9,EZ2<=Schedule!$H9),"■",""))
A9: =Schedule!A10 -> 7 | B9: =Schedule!B10 -> Piers engineering inspection | C9: =IF(C2="","",IF(AND(C2>=Schedule!$G10,C2<=Schedule!$H10),"■","")) | D9: =IF(D2="","",IF(AND(D2>=Schedule!$G10,D2<=Schedule!$H10),"■","")) | E9: =IF(E2="","",IF(AND(E2>=Schedule!$G10,E2<=Schedule!$H10),"■","")) | F9: =IF(F2="","",IF(AND(F2>=Schedule!$G10,F2<=Schedule!$H10),"■","")) | G9: =IF(G2="","",IF(AND(G2>=Schedule!$G10,G2<=Schedule!$H10),"■","")) | H9: =IF(H2="","",IF(AND(H2>=Schedule!$G10,H2<=Schedule!$H10),"■","")) | I9: =IF(I2="","",IF(AND(I2>=Schedule!$G10,I2<=Schedule!$H10),"■","")) | J9: =IF(J2="","",IF(AND(J2>=Schedule!$G10,J2<=Schedule!$H10),"■","")) | ... EZ9: =IF(EZ2="","",IF(AND(EZ2>=Schedule!$G10,EZ2<=Schedule!$H10),"■",""))
A10: =Schedule!A11 -> 8 | B10: =Schedule!B11 -> 4 slab pour | C10: =IF(C2="","",IF(AND(C2>=Schedule!$G11,C2<=Schedule!$H11),"■","")) | D10: =IF(D2="","",IF(AND(D2>=Schedule!$G11,D2<=Schedule!$H11),"■","")) | E10: =IF(E2="","",IF(AND(E2>=Schedule!$G11,E2<=Schedule!$H11),"■","")) | F10: =IF(F2="","",IF(AND(F2>=Schedule!$G11,F2<=Schedule!$H11),"■","")) | G10: =IF(G2="","",IF(AND(G2>=Schedule!$G11,G2<=Schedule!$H11),"■","")) | H10: =IF(H2="","",IF(AND(H2>=Schedule!$G11,H2<=Schedule!$H11),"■","")) | I10: =IF(I2="","",IF(AND(I2>=Schedule!$G11,I2<=Schedule!$H11),"■","")) | J10: =IF(J2="","",IF(AND(J2>=Schedule!$G11,J2<=Schedule!$H11),"■","")) | ... EZ10: =IF(EZ2="","",IF(AND(EZ2>=Schedule!$G11,EZ2<=Schedule!$H11),"■",""))
A11: =Schedule!A12 -> 9 | B11: =Schedule!B12 -> 4 Slab prepare | C11: =IF(C2="","",IF(AND(C2>=Schedule!$G12,C2<=Schedule!$H12),"■","")) | D11: =IF(D2="","",IF(AND(D2>=Schedule!$G12,D2<=Schedule!$H12),"■","")) | E11: =IF(E2="","",IF(AND(E2>=Schedule!$G12,E2<=Schedule!$H12),"■","")) | F11: =IF(F2="","",IF(AND(F2>=Schedule!$G12,F2<=Schedule!$H12),"■","")) | G11: =IF(G2="","",IF(AND(G2>=Schedule!$G12,G2<=Schedule!$H12),"■","")) | H11: =IF(H2="","",IF(AND(H2>=Schedule!$G12,H2<=Schedule!$H12),"■","")) | I11: =IF(I2="","",IF(AND(I2>=Schedule!$G12,I2<=Schedule!$H12),"■","")) | J11: =IF(J2="","",IF(AND(J2>=Schedule!$G12,J2<=Schedule!$H12),"■","")) | ... EZ11: =IF(EZ2="","",IF(AND(EZ2>=Schedule!$G12,EZ2<=Schedule!$H12),"■",""))
A12: =Schedule!A13 -> 10 | B12: =Schedule!B13 -> 4 Termite | C12: =IF(C2="","",IF(AND(C2>=Schedule!$G13,C2<=Schedule!$H13),"■","")) | D12: =IF(D2="","",IF(AND(D2>=Schedule!$G13,D2<=Schedule!$H13),"■","")) | E12: =IF(E2="","",IF(AND(E2>=Schedule!$G13,E2<=Schedule!$H13),"■","")) | F12: =IF(F2="","",IF(AND(F2>=Schedule!$G13,F2<=Schedule!$H13),"■","")) | G12: =IF(G2="","",IF(AND(G2>=Schedule!$G13,G2<=Schedule!$H13),"■","")) | H12: =IF(H2="","",IF(AND(H2>=Schedule!$G13,H2<=Schedule!$H13),"■","")) | I12: =IF(I2="","",IF(AND(I2>=Schedule!$G13,I2<=Schedule!$H13),"■","")) | J12: =IF(J2="","",IF(AND(J2>=Schedule!$G13,J2<=Schedule!$H13),"■","")) | ... EZ12: =IF(EZ2="","",IF(AND(EZ2>=Schedule!$G13,EZ2<=Schedule!$H13),"■",""))
A13: =Schedule!A14 -> 11 | B13: =Schedule!B14 -> 4 engineering inspection | C13: =IF(C2="","",IF(AND(C2>=Schedule!$G14,C2<=Schedule!$H14),"■","")) | D13: =IF(D2="","",IF(AND(D2>=Schedule!$G14,D2<=Schedule!$H14),"■","")) | E13: =IF(E2="","",IF(AND(E2>=Schedule!$G14,E2<=Schedule!$H14),"■","")) | F13: =IF(F2="","",IF(AND(F2>=Schedule!$G14,F2<=Schedule!$H14),"■","")) | G13: =IF(G2="","",IF(AND(G2>=Schedule!$G14,G2<=Schedule!$H14),"■","")) | H13: =IF(H2="","",IF(AND(H2>=Schedule!$G14,H2<=Schedule!$H14),"■","")) | I13: =IF(I2="","",IF(AND(I2>=Schedule!$G14,I2<=Schedule!$H14),"■","")) | J13: =IF(J2="","",IF(AND(J2>=Schedule!$G14,J2<=Schedule!$H14),"■","")) | ... EZ13: =IF(EZ2="","",IF(AND(EZ2>=Schedule!$G14,EZ2<=Schedule!$H14),"■",""))
A14: =Schedule!A15 -> 12 | B14: =Schedule!B15 -> 4 termite under frames | C14: =IF(C2="","",IF(AND(C2>=Schedule!$G15,C2<=Schedule!$H15),"■","")) | D14: =IF(D2="","",IF(AND(D2>=Schedule!$G15,D2<=Schedule!$H15),"■","")) | E14: =IF(E2="","",IF(AND(E2>=Schedule!$G15,E2<=Schedule!$H15),"■","")) | F14: =IF(F2="","",IF(AND(F2>=Schedule!$G15,F2<=Schedule!$H15),"■","")) | G14: =IF(G2="","",IF(AND(G2>=Schedule!$G15,G2<=Schedule!$H15),"■","")) | H14: =IF(H2="","",IF(AND(H2>=Schedule!$G15,H2<=Schedule!$H15),"■","")) | I14: =IF(I2="","",IF(AND(I2>=Schedule!$G15,I2<=Schedule!$H15),"■","")) | J14: =IF(J2="","",IF(AND(J2>=Schedule!$G15,J2<=Schedule!$H15),"■","")) | ... EZ14: =IF(EZ2="","",IF(AND(EZ2>=Schedule!$G15,EZ2<=Schedule!$H15),"■",""))
A15: =Schedule!A16 -> 13 | B15: =Schedule!B16 -> 4 ground floor framing delivery | C15: =IF(C2="","",IF(AND(C2>=Schedule!$G16,C2<=Schedule!$H16),"■","")) | D15: =IF(D2="","",IF(AND(D2>=Schedule!$G16,D2<=Schedule!$H16),"■","")) | E15: =IF(E2="","",IF(AND(E2>=Schedule!$G16,E2<=Schedule!$H16),"■","")) | F15: =IF(F2="","",IF(AND(F2>=Schedule!$G16,F2<=Schedule!$H16),"■","")) | G15: =IF(G2="","",IF(AND(G2>=Schedule!$G16,G2<=Schedule!$H16),"■","")) | H15: =IF(H2="","",IF(AND(H2>=Schedule!$G16,H2<=Schedule!$H16),"■","")) | I15: =IF(I2="","",IF(AND(I2>=Schedule!$G16,I2<=Schedule!$H16),"■","")) | J15: =IF(J2="","",IF(AND(J2>=Schedule!$G16,J2<=Schedule!$H16),"■","")) | ... EZ15: =IF(EZ2="","",IF(AND(EZ2>=Schedule!$G16,EZ2<=Schedule!$H16),"■",""))
A16: =Schedule!A17 -> 14 | B16: =Schedule!B17 -> 4 ground floor framing | C16: =IF(C2="","",IF(AND(C2>=Schedule!$G17,C2<=Schedule!$H17),"■","")) | D16: =IF(D2="","",IF(AND(D2>=Schedule!$G17,D2<=Schedule!$H17),"■","")) | E16: =IF(E2="","",IF(AND(E2>=Schedule!$G17,E2<=Schedule!$H17),"■","")) | F16: =IF(F2="","",IF(AND(F2>=Schedule!$G17,F2<=Schedule!$H17),"■","")) | G16: =IF(G2="","",IF(AND(G2>=Schedule!$G17,G2<=Schedule!$H17),"■","")) | H16: =IF(H2="","",IF(AND(H2>=Schedule!$G17,H2<=Schedule!$H17),"■","")) | I16: =IF(I2="","",IF(AND(I2>=Schedule!$G17,I2<=Schedule!$H17),"■","")) | J16: =IF(J2="","",IF(AND(J2>=Schedule!$G17,J2<=Schedule!$H17),"■","")) | ... EZ16: =IF(EZ2="","",IF(AND(EZ2>=Schedule!$G17,EZ2<=Schedule!$H17),"■",""))
A17: =Schedule!A18 -> 15 | B17: =Schedule!B18 -> 0 | C17: =IF(C2="","",IF(AND(C2>=Schedule!$G18,C2<=Schedule!$H18),"■","")) | D17: =IF(D2="","",IF(AND(D2>=Schedule!$G18,D2<=Schedule!$H18),"■","")) | E17: =IF(E2="","",IF(AND(E2>=Schedule!$G18,E2<=Schedule!$H18),"■","")) | F17: =IF(F2="","",IF(AND(F2>=Schedule!$G18,F2<=Schedule!$H18),"■","")) | G17: =IF(G2="","",IF(AND(G2>=Schedule!$G18,G2<=Schedule!$H18),"■","")) | H17: =IF(H2="","",IF(AND(H2>=Schedule!$G18,H2<=Schedule!$H18),"■","")) | I17: =IF(I2="","",IF(AND(I2>=Schedule!$G18,I2<=Schedule!$H18),"■","")) | J17: =IF(J2="","",IF(AND(J2>=Schedule!$G18,J2<=Schedule!$H18),"■","")) | ... EZ17: =IF(EZ2="","",IF(AND(EZ2>=Schedule!$G18,EZ2<=Schedule!$H18),"■",""))
A18: =Schedule!A19 -> 16 | B18: =Schedule!B19 -> 0 | C18: =IF(C2="","",IF(AND(C2>=Schedule!$G19,C2<=Schedule!$H19),"■","")) | D18: =IF(D2="","",IF(AND(D2>=Schedule!$G19,D2<=Schedule!$H19),"■","")) | E18: =IF(E2="","",IF(AND(E2>=Schedule!$G19,E2<=Schedule!$H19),"■","")) | F18: =IF(F2="","",IF(AND(F2>=Schedule!$G19,F2<=Schedule!$H19),"■","")) | G18: =IF(G2="","",IF(AND(G2>=Schedule!$G19,G2<=Schedule!$H19),"■","")) | H18: =IF(H2="","",IF(AND(H2>=Schedule!$G19,H2<=Schedule!$H19),"■","")) | I18: =IF(I2="","",IF(AND(I2>=Schedule!$G19,I2<=Schedule!$H19),"■","")) | J18: =IF(J2="","",IF(AND(J2>=Schedule!$G19,J2<=Schedule!$H19),"■","")) | ... EZ18: =IF(EZ2="","",IF(AND(EZ2>=Schedule!$G19,EZ2<=Schedule!$H19),"■",""))
A19: =Schedule!A20 -> 17 | B19: =Schedule!B20 -> 4 midfloor materials delivery | C19: =IF(C2="","",IF(AND(C2>=Schedule!$G20,C2<=Schedule!$H20),"■","")) | D19: =IF(D2="","",IF(AND(D2>=Schedule!$G20,D2<=Schedule!$H20),"■","")) | E19: =IF(E2="","",IF(AND(E2>=Schedule!$G20,E2<=Schedule!$H20),"■","")) | F19: =IF(F2="","",IF(AND(F2>=Schedule!$G20,F2<=Schedule!$H20),"■","")) | G19: =IF(G2="","",IF(AND(G2>=Schedule!$G20,G2<=Schedule!$H20),"■","")) | H19: =IF(H2="","",IF(AND(H2>=Schedule!$G20,H2<=Schedule!$H20),"■","")) | I19: =IF(I2="","",IF(AND(I2>=Schedule!$G20,I2<=Schedule!$H20),"■","")) | J19: =IF(J2="","",IF(AND(J2>=Schedule!$G20,J2<=Schedule!$H20),"■","")) | ... EZ19: =IF(EZ2="","",IF(AND(EZ2>=Schedule!$G20,EZ2<=Schedule!$H20),"■",""))
A20: =Schedule!A21 -> 18 | B20: =Schedule!B21 -> 4 midfloor joists and nogging install | C20: =IF(C2="","",IF(AND(C2>=Schedule!$G21,C2<=Schedule!$H21),"■","")) | D20: =IF(D2="","",IF(AND(D2>=Schedule!$G21,D2<=Schedule!$H21),"■","")) | E20: =IF(E2="","",IF(AND(E2>=Schedule!$G21,E2<=Schedule!$H21),"■","")) | F20: =IF(F2="","",IF(AND(F2>=Schedule!$G21,F2<=Schedule!$H21),"■","")) | G20: =IF(G2="","",IF(AND(G2>=Schedule!$G21,G2<=Schedule!$H21),"■","")) | H20: =IF(H2="","",IF(AND(H2>=Schedule!$G21,H2<=Schedule!$H21),"■","")) | I20: =IF(I2="","",IF(AND(I2>=Schedule!$G21,I2<=Schedule!$H21),"■","")) | J20: =IF(J2="","",IF(AND(J2>=Schedule!$G21,J2<=Schedule!$H21),"■","")) | ... EZ20: =IF(EZ2="","",IF(AND(EZ2>=Schedule!$G21,EZ2<=Schedule!$H21),"■",""))
A21: =Schedule!A22 -> 19 | B21: =Schedule!B22 -> 4 midfloor flooring install | C21: =IF(C2="","",IF(AND(C2>=Schedule!$G22,C2<=Schedule!$H22),"■","")) | D21: =IF(D2="","",IF(AND(D2>=Schedule!$G22,D2<=Schedule!$H22),"■","")) | E21: =IF(E2="","",IF(AND(E2>=Schedule!$G22,E2<=Schedule!$H22),"■","")) | F21: =IF(F2="","",IF(AND(F2>=Schedule!$G22,F2<=Schedule!$H22),"■","")) | G21: =IF(G2="","",IF(AND(G2>=Schedule!$G22,G2<=Schedule!$H22),"■","")) | H21: =IF(H2="","",IF(AND(H2>=Schedule!$G22,H2<=Schedule!$H22),"■","")) | I21: =IF(I2="","",IF(AND(I2>=Schedule!$G22,I2<=Schedule!$H22),"■","")) | J21: =IF(J2="","",IF(AND(J2>=Schedule!$G22,J2<=Schedule!$H22),"■","")) | ... EZ21: =IF(EZ2="","",IF(AND(EZ2>=Schedule!$G22,EZ2<=Schedule!$H22),"■",""))
A22: =Schedule!A23 -> 20 | B22: =Schedule!B23 -> 4 upper framing&lower roof delivery | C22: =IF(C2="","",IF(AND(C2>=Schedule!$G23,C2<=Schedule!$H23),"■","")) | D22: =IF(D2="","",IF(AND(D2>=Schedule!$G23,D2<=Schedule!$H23),"■","")) | E22: =IF(E2="","",IF(AND(E2>=Schedule!$G23,E2<=Schedule!$H23),"■","")) | F22: =IF(F2="","",IF(AND(F2>=Schedule!$G23,F2<=Schedule!$H23),"■","")) | G22: =IF(G2="","",IF(AND(G2>=Schedule!$G23,G2<=Schedule!$H23),"■","")) | H22: =IF(H2="","",IF(AND(H2>=Schedule!$G23,H2<=Schedule!$H23),"■","")) | I22: =IF(I2="","",IF(AND(I2>=Schedule!$G23,I2<=Schedule!$H23),"■","")) | J22: =IF(J2="","",IF(AND(J2>=Schedule!$G23,J2<=Schedule!$H23),"■","")) | ... EZ22: =IF(EZ2="","",IF(AND(EZ2>=Schedule!$G23,EZ2<=Schedule!$H23),"■",""))
A23: =Schedule!A24 -> 21 | B23: =Schedule!B24 -> 4 upper framing install | C23: =IF(C2="","",IF(AND(C2>=Schedule!$G24,C2<=Schedule!$H24),"■","")) | D23: =IF(D2="","",IF(AND(D2>=Schedule!$G24,D2<=Schedule!$H24),"■","")) | E23: =IF(E2="","",IF(AND(E2>=Schedule!$G24,E2<=Schedule!$H24),"■","")) | F23: =IF(F2="","",IF(AND(F2>=Schedule!$G24,F2<=Schedule!$H24),"■","")) | G23: =IF(G2="","",IF(AND(G2>=Schedule!$G24,G2<=Schedule!$H24),"■","")) | H23: =IF(H2="","",IF(AND(H2>=Schedule!$G24,H2<=Schedule!$H24),"■","")) | I23: =IF(I2="","",IF(AND(I2>=Schedule!$G24,I2<=Schedule!$H24),"■","")) | J23: =IF(J2="","",IF(AND(J2>=Schedule!$G24,J2<=Schedule!$H24),"■","")) | ... EZ23: =IF(EZ2="","",IF(AND(EZ2>=Schedule!$G24,EZ2<=Schedule!$H24),"■",""))
A24: =Schedule!A25 -> 22 | B24: =Schedule!B25 -> 4 lower roof truss install | C24: =IF(C2="","",IF(AND(C2>=Schedule!$G25,C2<=Schedule!$H25),"■","")) | D24: =IF(D2="","",IF(AND(D2>=Schedule!$G25,D2<=Schedule!$H25),"■","")) | E24: =IF(E2="","",IF(AND(E2>=Schedule!$G25,E2<=Schedule!$H25),"■","")) | F24: =IF(F2="","",IF(AND(F2>=Schedule!$G25,F2<=Schedule!$H25),"■","")) | G24: =IF(G2="","",IF(AND(G2>=Schedule!$G25,G2<=Schedule!$H25),"■","")) | H24: =IF(H2="","",IF(AND(H2>=Schedule!$G25,H2<=Schedule!$H25),"■","")) | I24: =IF(I2="","",IF(AND(I2>=Schedule!$G25,I2<=Schedule!$H25),"■","")) | J24: =IF(J2="","",IF(AND(J2>=Schedule!$G25,J2<=Schedule!$H25),"■","")) | ... EZ24: =IF(EZ2="","",IF(AND(EZ2>=Schedule!$G25,EZ2<=Schedule!$H25),"■",""))
A25: =Schedule!A26 -> 23 | B25: =Schedule!B26 -> 4 lower roof edge protection ? | C25: =IF(C2="","",IF(AND(C2>=Schedule!$G26,C2<=Schedule!$H26),"■","")) | D25: =IF(D2="","",IF(AND(D2>=Schedule!$G26,D2<=Schedule!$H26),"■","")) | E25: =IF(E2="","",IF(AND(E2>=Schedule!$G26,E2<=Schedule!$H26),"■","")) | F25: =IF(F2="","",IF(AND(F2>=Schedule!$G26,F2<=Schedule!$H26),"■","")) | G25: =IF(G2="","",IF(AND(G2>=Schedule!$G26,G2<=Schedule!$H26),"■","")) | H25: =IF(H2="","",IF(AND(H2>=Schedule!$G26,H2<=Schedule!$H26),"■","")) | I25: =IF(I2="","",IF(AND(I2>=Schedule!$G26,I2<=Schedule!$H26),"■","")) | J25: =IF(J2="","",IF(AND(J2>=Schedule!$G26,J2<=Schedule!$H26),"■","")) | ... EZ25: =IF(EZ2="","",IF(AND(EZ2>=Schedule!$G26,EZ2<=Schedule!$H26),"■",""))
A26: =Schedule!A27 -> 24 | B26: =Schedule!B27 -> 4 lower roof install | C26: =IF(C2="","",IF(AND(C2>=Schedule!$G27,C2<=Schedule!$H27),"■","")) | D26: =IF(D2="","",IF(AND(D2>=Schedule!$G27,D2<=Schedule!$H27),"■","")) | E26: =IF(E2="","",IF(AND(E2>=Schedule!$G27,E2<=Schedule!$H27),"■","")) | F26: =IF(F2="","",IF(AND(F2>=Schedule!$G27,F2<=Schedule!$H27),"■","")) | G26: =IF(G2="","",IF(AND(G2>=Schedule!$G27,G2<=Schedule!$H27),"■","")) | H26: =IF(H2="","",IF(AND(H2>=Schedule!$G27,H2<=Schedule!$H27),"■","")) | I26: =IF(I2="","",IF(AND(I2>=Schedule!$G27,I2<=Schedule!$H27),"■","")) | J26: =IF(J2="","",IF(AND(J2>=Schedule!$G27,J2<=Schedule!$H27),"■","")) | ... EZ26: =IF(EZ2="","",IF(AND(EZ2>=Schedule!$G27,EZ2<=Schedule!$H27),"■",""))
A27: =Schedule!A28 -> 25 | B27: =Schedule!B28 -> 4 scaffolding up | C27: =IF(C2="","",IF(AND(C2>=Schedule!$G28,C2<=Schedule!$H28),"■","")) | D27: =IF(D2="","",IF(AND(D2>=Schedule!$G28,D2<=Schedule!$H28),"■","")) | E27: =IF(E2="","",IF(AND(E2>=Schedule!$G28,E2<=Schedule!$H28),"■","")) | F27: =IF(F2="","",IF(AND(F2>=Schedule!$G28,F2<=Schedule!$H28),"■","")) | G27: =IF(G2="","",IF(AND(G2>=Schedule!$G28,G2<=Schedule!$H28),"■","")) | H27: =IF(H2="","",IF(AND(H2>=Schedule!$G28,H2<=Schedule!$H28),"■","")) | I27: =IF(I2="","",IF(AND(I2>=Schedule!$G28,I2<=Schedule!$H28),"■","")) | J27: =IF(J2="","",IF(AND(J2>=Schedule!$G28,J2<=Schedule!$H28),"■","")) | ... EZ27: =IF(EZ2="","",IF(AND(EZ2>=Schedule!$G28,EZ2<=Schedule!$H28),"■",""))
A28: =Schedule!A29 -> 26 | B28: =Schedule!B29 -> 4 upper roof truss delivery | C28: =IF(C2="","",IF(AND(C2>=Schedule!$G29,C2<=Schedule!$H29),"■","")) | D28: =IF(D2="","",IF(AND(D2>=Schedule!$G29,D2<=Schedule!$H29),"■","")) | E28: =IF(E2="","",IF(AND(E2>=Schedule!$G29,E2<=Schedule!$H29),"■","")) | F28: =IF(F2="","",IF(AND(F2>=Schedule!$G29,F2<=Schedule!$H29),"■","")) | G28: =IF(G2="","",IF(AND(G2>=Schedule!$G29,G2<=Schedule!$H29),"■","")) | H28: =IF(H2="","",IF(AND(H2>=Schedule!$G29,H2<=Schedule!$H29),"■","")) | I28: =IF(I2="","",IF(AND(I2>=Schedule!$G29,I2<=Schedule!$H29),"■","")) | J28: =IF(J2="","",IF(AND(J2>=Schedule!$G29,J2<=Schedule!$H29),"■","")) | ... EZ28: =IF(EZ2="","",IF(AND(EZ2>=Schedule!$G29,EZ2<=Schedule!$H29),"■",""))
A29: =Schedule!A30 -> 27 | B29: =Schedule!B30 -> 4 upper roof truss install | C29: =IF(C2="","",IF(AND(C2>=Schedule!$G30,C2<=Schedule!$H30),"■","")) | D29: =IF(D2="","",IF(AND(D2>=Schedule!$G30,D2<=Schedule!$H30),"■","")) | E29: =IF(E2="","",IF(AND(E2>=Schedule!$G30,E2<=Schedule!$H30),"■","")) | F29: =IF(F2="","",IF(AND(F2>=Schedule!$G30,F2<=Schedule!$H30),"■","")) | G29: =IF(G2="","",IF(AND(G2>=Schedule!$G30,G2<=Schedule!$H30),"■","")) | H29: =IF(H2="","",IF(AND(H2>=Schedule!$G30,H2<=Schedule!$H30),"■","")) | I29: =IF(I2="","",IF(AND(I2>=Schedule!$G30,I2<=Schedule!$H30),"■","")) | J29: =IF(J2="","",IF(AND(J2>=Schedule!$G30,J2<=Schedule!$H30),"■","")) | ... EZ29: =IF(EZ2="","",IF(AND(EZ2>=Schedule!$G30,EZ2<=Schedule!$H30),"■",""))
A30: =Schedule!A31 -> 28 | B30: =Schedule!B31 -> 4 upper roof edge protection （not required?) | C30: =IF(C2="","",IF(AND(C2>=Schedule!$G31,C2<=Schedule!$H31),"■","")) | D30: =IF(D2="","",IF(AND(D2>=Schedule!$G31,D2<=Schedule!$H31),"■","")) | E30: =IF(E2="","",IF(AND(E2>=Schedule!$G31,E2<=Schedule!$H31),"■","")) | F30: =IF(F2="","",IF(AND(F2>=Schedule!$G31,F2<=Schedule!$H31),"■","")) | G30: =IF(G2="","",IF(AND(G2>=Schedule!$G31,G2<=Schedule!$H31),"■","")) | H30: =IF(H2="","",IF(AND(H2>=Schedule!$G31,H2<=Schedule!$H31),"■","")) | I30: =IF(I2="","",IF(AND(I2>=Schedule!$G31,I2<=Schedule!$H31),"■","")) | J30: =IF(J2="","",IF(AND(J2>=Schedule!$G31,J2<=Schedule!$H31),"■","")) | ... EZ30: =IF(EZ2="","",IF(AND(EZ2>=Schedule!$G31,EZ2<=Schedule!$H31),"■",""))
A31: =Schedule!A32 -> 29 | B31: =Schedule!B32 -> 4 upper roof install | C31: =IF(C2="","",IF(AND(C2>=Schedule!$G32,C2<=Schedule!$H32),"■","")) | D31: =IF(D2="","",IF(AND(D2>=Schedule!$G32,D2<=Schedule!$H32),"■","")) | E31: =IF(E2="","",IF(AND(E2>=Schedule!$G32,E2<=Schedule!$H32),"■","")) | F31: =IF(F2="","",IF(AND(F2>=Schedule!$G32,F2<=Schedule!$H32),"■","")) | G31: =IF(G2="","",IF(AND(G2>=Schedule!$G32,G2<=Schedule!$H32),"■","")) | H31: =IF(H2="","",IF(AND(H2>=Schedule!$G32,H2<=Schedule!$H32),"■","")) | I31: =IF(I2="","",IF(AND(I2>=Schedule!$G32,I2<=Schedule!$H32),"■","")) | J31: =IF(J2="","",IF(AND(J2>=Schedule!$G32,J2<=Schedule!$H32),"■","")) | ... EZ31: =IF(EZ2="","",IF(AND(EZ2>=Schedule!$G32,EZ2<=Schedule!$H32),"■",""))
A32: =Schedule!A33 -> 30 | B32: =Schedule!B33 -> 4 electrical roughin | C32: =IF(C2="","",IF(AND(C2>=Schedule!$G33,C2<=Schedule!$H33),"■","")) | D32: =IF(D2="","",IF(AND(D2>=Schedule!$G33,D2<=Schedule!$H33),"■","")) | E32: =IF(E2="","",IF(AND(E2>=Schedule!$G33,E2<=Schedule!$H33),"■","")) | F32: =IF(F2="","",IF(AND(F2>=Schedule!$G33,F2<=Schedule!$H33),"■","")) | G32: =IF(G2="","",IF(AND(G2>=Schedule!$G33,G2<=Schedule!$H33),"■","")) | H32: =IF(H2="","",IF(AND(H2>=Schedule!$G33,H2<=Schedule!$H33),"■","")) | I32: =IF(I2="","",IF(AND(I2>=Schedule!$G33,I2<=Schedule!$H33),"■","")) | J32: =IF(J2="","",IF(AND(J2>=Schedule!$G33,J2<=Schedule!$H33),"■","")) | ... EZ32: =IF(EZ2="","",IF(AND(EZ2>=Schedule!$G33,EZ2<=Schedule!$H33),"■",""))
A33: =Schedule!A34 -> 31 | B33: =Schedule!B34 -> 4 AC roughin | C33: =IF(C2="","",IF(AND(C2>=Schedule!$G34,C2<=Schedule!$H34),"■","")) | D33: =IF(D2="","",IF(AND(D2>=Schedule!$G34,D2<=Schedule!$H34),"■","")) | E33: =IF(E2="","",IF(AND(E2>=Schedule!$G34,E2<=Schedule!$H34),"■","")) | F33: =IF(F2="","",IF(AND(F2>=Schedule!$G34,F2<=Schedule!$H34),"■","")) | G33: =IF(G2="","",IF(AND(G2>=Schedule!$G34,G2<=Schedule!$H34),"■","")) | H33: =IF(H2="","",IF(AND(H2>=Schedule!$G34,H2<=Schedule!$H34),"■","")) | I33: =IF(I2="","",IF(AND(I2>=Schedule!$G34,I2<=Schedule!$H34),"■","")) | J33: =IF(J2="","",IF(AND(J2>=Schedule!$G34,J2<=Schedule!$H34),"■","")) | ... EZ33: =IF(EZ2="","",IF(AND(EZ2>=Schedule!$G34,EZ2<=Schedule!$H34),"■",""))
A34: =Schedule!A35 -> 32 | B34: =Schedule!B35 -> 4 plumbing roughin | C34: =IF(C2="","",IF(AND(C2>=Schedule!$G35,C2<=Schedule!$H35),"■","")) | D34: =IF(D2="","",IF(AND(D2>=Schedule!$G35,D2<=Schedule!$H35),"■","")) | E34: =IF(E2="","",IF(AND(E2>=Schedule!$G35,E2<=Schedule!$H35),"■","")) | F34: =IF(F2="","",IF(AND(F2>=Schedule!$G35,F2<=Schedule!$H35),"■","")) | G34: =IF(G2="","",IF(AND(G2>=Schedule!$G35,G2<=Schedule!$H35),"■","")) | H34: =IF(H2="","",IF(AND(H2>=Schedule!$G35,H2<=Schedule!$H35),"■","")) | I34: =IF(I2="","",IF(AND(I2>=Schedule!$G35,I2<=Schedule!$H35),"■","")) | J34: =IF(J2="","",IF(AND(J2>=Schedule!$G35,J2<=Schedule!$H35),"■","")) | ... EZ34: =IF(EZ2="","",IF(AND(EZ2>=Schedule!$G35,EZ2<=Schedule!$H35),"■",""))
A35: =Schedule!A36 -> 33 | B35: =Schedule!B36 -> 4 wall wrap | C35: =IF(C2="","",IF(AND(C2>=Schedule!$G36,C2<=Schedule!$H36),"■","")) | D35: =IF(D2="","",IF(AND(D2>=Schedule!$G36,D2<=Schedule!$H36),"■","")) | E35: =IF(E2="","",IF(AND(E2>=Schedule!$G36,E2<=Schedule!$H36),"■","")) | F35: =IF(F2="","",IF(AND(F2>=Schedule!$G36,F2<=Schedule!$H36),"■","")) | G35: =IF(G2="","",IF(AND(G2>=Schedule!$G36,G2<=Schedule!$H36),"■","")) | H35: =IF(H2="","",IF(AND(H2>=Schedule!$G36,H2<=Schedule!$H36),"■","")) | I35: =IF(I2="","",IF(AND(I2>=Schedule!$G36,I2<=Schedule!$H36),"■","")) | J35: =IF(J2="","",IF(AND(J2>=Schedule!$G36,J2<=Schedule!$H36),"■","")) | ... EZ35: =IF(EZ2="","",IF(AND(EZ2>=Schedule!$G36,EZ2<=Schedule!$H36),"■",""))
A36: =Schedule!A37 -> 34 | B36: =Schedule!B37 -> 4 framing inspection | C36: =IF(C2="","",IF(AND(C2>=Schedule!$G37,C2<=Schedule!$H37),"■","")) | D36: =IF(D2="","",IF(AND(D2>=Schedule!$G37,D2<=Schedule!$H37),"■","")) | E36: =IF(E2="","",IF(AND(E2>=Schedule!$G37,E2<=Schedule!$H37),"■","")) | F36: =IF(F2="","",IF(AND(F2>=Schedule!$G37,F2<=Schedule!$H37),"■","")) | G36: =IF(G2="","",IF(AND(G2>=Schedule!$G37,G2<=Schedule!$H37),"■","")) | H36: =IF(H2="","",IF(AND(H2>=Schedule!$G37,H2<=Schedule!$H37),"■","")) | I36: =IF(I2="","",IF(AND(I2>=Schedule!$G37,I2<=Schedule!$H37),"■","")) | J36: =IF(J2="","",IF(AND(J2>=Schedule!$G37,J2<=Schedule!$H37),"■","")) | ... EZ36: =IF(EZ2="","",IF(AND(EZ2>=Schedule!$G37,EZ2<=Schedule!$H37),"■",""))
A37: =Schedule!A38 -> 35 | B37: =Schedule!B38 -> 4 windows delivery | C37: =IF(C2="","",IF(AND(C2>=Schedule!$G38,C2<=Schedule!$H38),"■","")) | D37: =IF(D2="","",IF(AND(D2>=Schedule!$G38,D2<=Schedule!$H38),"■","")) | E37: =IF(E2="","",IF(AND(E2>=Schedule!$G38,E2<=Schedule!$H38),"■","")) | F37: =IF(F2="","",IF(AND(F2>=Schedule!$G38,F2<=Schedule!$H38),"■","")) | G37: =IF(G2="","",IF(AND(G2>=Schedule!$G38,G2<=Schedule!$H38),"■","")) | H37: =IF(H2="","",IF(AND(H2>=Schedule!$G38,H2<=Schedule!$H38),"■","")) | I37: =IF(I2="","",IF(AND(I2>=Schedule!$G38,I2<=Schedule!$H38),"■","")) | J37: =IF(J2="","",IF(AND(J2>=Schedule!$G38,J2<=Schedule!$H38),"■","")) | ... EZ37: =IF(EZ2="","",IF(AND(EZ2>=Schedule!$G38,EZ2<=Schedule!$H38),"■",""))
A38: =Schedule!A39 -> 36 | B38: =Schedule!B39 -> 4 entry doors delivery | C38: =IF(C2="","",IF(AND(C2>=Schedule!$G39,C2<=Schedule!$H39),"■","")) | D38: =IF(D2="","",IF(AND(D2>=Schedule!$G39,D2<=Schedule!$H39),"■","")) | E38: =IF(E2="","",IF(AND(E2>=Schedule!$G39,E2<=Schedule!$H39),"■","")) | F38: =IF(F2="","",IF(AND(F2>=Schedule!$G39,F2<=Schedule!$H39),"■","")) | G38: =IF(G2="","",IF(AND(G2>=Schedule!$G39,G2<=Schedule!$H39),"■","")) | H38: =IF(H2="","",IF(AND(H2>=Schedule!$G39,H2<=Schedule!$H39),"■","")) | I38: =IF(I2="","",IF(AND(I2>=Schedule!$G39,I2<=Schedule!$H39),"■","")) | J38: =IF(J2="","",IF(AND(J2>=Schedule!$G39,J2<=Schedule!$H39),"■","")) | ... EZ38: =IF(EZ2="","",IF(AND(EZ2>=Schedule!$G39,EZ2<=Schedule!$H39),"■",""))
A39: =Schedule!A40 -> 37 | B39: =Schedule!B40 -> 4 lockup labour | C39: =IF(C2="","",IF(AND(C2>=Schedule!$G40,C2<=Schedule!$H40),"■","")) | D39: =IF(D2="","",IF(AND(D2>=Schedule!$G40,D2<=Schedule!$H40),"■","")) | E39: =IF(E2="","",IF(AND(E2>=Schedule!$G40,E2<=Schedule!$H40),"■","")) | F39: =IF(F2="","",IF(AND(F2>=Schedule!$G40,F2<=Schedule!$H40),"■","")) | G39: =IF(G2="","",IF(AND(G2>=Schedule!$G40,G2<=Schedule!$H40),"■","")) | H39: =IF(H2="","",IF(AND(H2>=Schedule!$G40,H2<=Schedule!$H40),"■","")) | I39: =IF(I2="","",IF(AND(I2>=Schedule!$G40,I2<=Schedule!$H40),"■","")) | J39: =IF(J2="","",IF(AND(J2>=Schedule!$G40,J2<=Schedule!$H40),"■","")) | ... EZ39: =IF(EZ2="","",IF(AND(EZ2>=Schedule!$G40,EZ2<=Schedule!$H40),"■",""))
A40: =Schedule!A41 -> 38 | B40: =Schedule!B41 -> 4 staircase supply&install | C40: =IF(C2="","",IF(AND(C2>=Schedule!$G41,C2<=Schedule!$H41),"■","")) | D40: =IF(D2="","",IF(AND(D2>=Schedule!$G41,D2<=Schedule!$H41),"■","")) | E40: =IF(E2="","",IF(AND(E2>=Schedule!$G41,E2<=Schedule!$H41),"■","")) | F40: =IF(F2="","",IF(AND(F2>=Schedule!$G41,F2<=Schedule!$H41),"■","")) | G40: =IF(G2="","",IF(AND(G2>=Schedule!$G41,G2<=Schedule!$H41),"■","")) | H40: =IF(H2="","",IF(AND(H2>=Schedule!$G41,H2<=Schedule!$H41),"■","")) | I40: =IF(I2="","",IF(AND(I2>=Schedule!$G41,I2<=Schedule!$H41),"■","")) | J40: =IF(J2="","",IF(AND(J2>=Schedule!$G41,J2<=Schedule!$H41),"■","")) | ... EZ40: =IF(EZ2="","",IF(AND(EZ2>=Schedule!$G41,EZ2<=Schedule!$H41),"■",""))
A41: =Schedule!A42 -> 39 | B41: =Schedule!B42 -> 4 brick delivery | C41: =IF(C2="","",IF(AND(C2>=Schedule!$G42,C2<=Schedule!$H42),"■","")) | D41: =IF(D2="","",IF(AND(D2>=Schedule!$G42,D2<=Schedule!$H42),"■","")) | E41: =IF(E2="","",IF(AND(E2>=Schedule!$G42,E2<=Schedule!$H42),"■","")) | F41: =IF(F2="","",IF(AND(F2>=Schedule!$G42,F2<=Schedule!$H42),"■","")) | G41: =IF(G2="","",IF(AND(G2>=Schedule!$G42,G2<=Schedule!$H42),"■","")) | H41: =IF(H2="","",IF(AND(H2>=Schedule!$G42,H2<=Schedule!$H42),"■","")) | I41: =IF(I2="","",IF(AND(I2>=Schedule!$G42,I2<=Schedule!$H42),"■","")) | J41: =IF(J2="","",IF(AND(J2>=Schedule!$G42,J2<=Schedule!$H42),"■","")) | ... EZ41: =IF(EZ2="","",IF(AND(EZ2>=Schedule!$G42,EZ2<=Schedule!$H42),"■",""))
A42: =Schedule!A43 -> 40 | B42: =Schedule!B43 -> 4 brick install | C42: =IF(C2="","",IF(AND(C2>=Schedule!$G43,C2<=Schedule!$H43),"■","")) | D42: =IF(D2="","",IF(AND(D2>=Schedule!$G43,D2<=Schedule!$H43),"■","")) | E42: =IF(E2="","",IF(AND(E2>=Schedule!$G43,E2<=Schedule!$H43),"■","")) | F42: =IF(F2="","",IF(AND(F2>=Schedule!$G43,F2<=Schedule!$H43),"■","")) | G42: =IF(G2="","",IF(AND(G2>=Schedule!$G43,G2<=Schedule!$H43),"■","")) | H42: =IF(H2="","",IF(AND(H2>=Schedule!$G43,H2<=Schedule!$H43),"■","")) | I42: =IF(I2="","",IF(AND(I2>=Schedule!$G43,I2<=Schedule!$H43),"■","")) | J42: =IF(J2="","",IF(AND(J2>=Schedule!$G43,J2<=Schedule!$H43),"■","")) | ... EZ42: =IF(EZ2="","",IF(AND(EZ2>=Schedule!$G43,EZ2<=Schedule!$H43),"■",""))
A43: =Schedule!A44 -> 41 | B43: =Schedule!B44 -> 4 Staircase measure | C43: =IF(C2="","",IF(AND(C2>=Schedule!$G44,C2<=Schedule!$H44),"■","")) | D43: =IF(D2="","",IF(AND(D2>=Schedule!$G44,D2<=Schedule!$H44),"■","")) | E43: =IF(E2="","",IF(AND(E2>=Schedule!$G44,E2<=Schedule!$H44),"■","")) | F43: =IF(F2="","",IF(AND(F2>=Schedule!$G44,F2<=Schedule!$H44),"■","")) | G43: =IF(G2="","",IF(AND(G2>=Schedule!$G44,G2<=Schedule!$H44),"■","")) | H43: =IF(H2="","",IF(AND(H2>=Schedule!$G44,H2<=Schedule!$H44),"■","")) | I43: =IF(I2="","",IF(AND(I2>=Schedule!$G44,I2<=Schedule!$H44),"■","")) | J43: =IF(J2="","",IF(AND(J2>=Schedule!$G44,J2<=Schedule!$H44),"■","")) | ... EZ43: =IF(EZ2="","",IF(AND(EZ2>=Schedule!$G44,EZ2<=Schedule!$H44),"■",""))
A44: =Schedule!A45 -> 42 | B44: =Schedule!B45 -> 4 cladding delivery | C44: =IF(C2="","",IF(AND(C2>=Schedule!$G45,C2<=Schedule!$H45),"■","")) | D44: =IF(D2="","",IF(AND(D2>=Schedule!$G45,D2<=Schedule!$H45),"■","")) | E44: =IF(E2="","",IF(AND(E2>=Schedule!$G45,E2<=Schedule!$H45),"■","")) | F44: =IF(F2="","",IF(AND(F2>=Schedule!$G45,F2<=Schedule!$H45),"■","")) | G44: =IF(G2="","",IF(AND(G2>=Schedule!$G45,G2<=Schedule!$H45),"■","")) | H44: =IF(H2="","",IF(AND(H2>=Schedule!$G45,H2<=Schedule!$H45),"■","")) | I44: =IF(I2="","",IF(AND(I2>=Schedule!$G45,I2<=Schedule!$H45),"■","")) | J44: =IF(J2="","",IF(AND(J2>=Schedule!$G45,J2<=Schedule!$H45),"■","")) | ... EZ44: =IF(EZ2="","",IF(AND(EZ2>=Schedule!$G45,EZ2<=Schedule!$H45),"■",""))
A45: =Schedule!A46 -> 43 | B45: =Schedule!B46 -> 4 cladding install | C45: =IF(C2="","",IF(AND(C2>=Schedule!$G46,C2<=Schedule!$H46),"■","")) | D45: =IF(D2="","",IF(AND(D2>=Schedule!$G46,D2<=Schedule!$H46),"■","")) | E45: =IF(E2="","",IF(AND(E2>=Schedule!$G46,E2<=Schedule!$H46),"■","")) | F45: =IF(F2="","",IF(AND(F2>=Schedule!$G46,F2<=Schedule!$H46),"■","")) | G45: =IF(G2="","",IF(AND(G2>=Schedule!$G46,G2<=Schedule!$H46),"■","")) | H45: =IF(H2="","",IF(AND(H2>=Schedule!$G46,H2<=Schedule!$H46),"■","")) | I45: =IF(I2="","",IF(AND(I2>=Schedule!$G46,I2<=Schedule!$H46),"■","")) | J45: =IF(J2="","",IF(AND(J2>=Schedule!$G46,J2<=Schedule!$H46),"■","")) | ... EZ45: =IF(EZ2="","",IF(AND(EZ2>=Schedule!$G46,EZ2<=Schedule!$H46),"■",""))
A46: =Schedule!A47 -> 44 | B46: =Schedule!B47 -> 4 termite under bricks | C46: =IF(C2="","",IF(AND(C2>=Schedule!$G47,C2<=Schedule!$H47),"■","")) | D46: =IF(D2="","",IF(AND(D2>=Schedule!$G47,D2<=Schedule!$H47),"■","")) | E46: =IF(E2="","",IF(AND(E2>=Schedule!$G47,E2<=Schedule!$H47),"■","")) | F46: =IF(F2="","",IF(AND(F2>=Schedule!$G47,F2<=Schedule!$H47),"■","")) | G46: =IF(G2="","",IF(AND(G2>=Schedule!$G47,G2<=Schedule!$H47),"■","")) | H46: =IF(H2="","",IF(AND(H2>=Schedule!$G47,H2<=Schedule!$H47),"■","")) | I46: =IF(I2="","",IF(AND(I2>=Schedule!$G47,I2<=Schedule!$H47),"■","")) | J46: =IF(J2="","",IF(AND(J2>=Schedule!$G47,J2<=Schedule!$H47),"■","")) | ... EZ46: =IF(EZ2="","",IF(AND(EZ2>=Schedule!$G47,EZ2<=Schedule!$H47),"■",""))
A47: =Schedule!A48 -> 45 | B47: =Schedule!B48 -> 4 external painting | C47: =IF(C2="","",IF(AND(C2>=Schedule!$G48,C2<=Schedule!$H48),"■","")) | D47: =IF(D2="","",IF(AND(D2>=Schedule!$G48,D2<=Schedule!$H48),"■","")) | E47: =IF(E2="","",IF(AND(E2>=Schedule!$G48,E2<=Schedule!$H48),"■","")) | F47: =IF(F2="","",IF(AND(F2>=Schedule!$G48,F2<=Schedule!$H48),"■","")) | G47: =IF(G2="","",IF(AND(G2>=Schedule!$G48,G2<=Schedule!$H48),"■","")) | H47: =IF(H2="","",IF(AND(H2>=Schedule!$G48,H2<=Schedule!$H48),"■","")) | I47: =IF(I2="","",IF(AND(I2>=Schedule!$G48,I2<=Schedule!$H48),"■","")) | J47: =IF(J2="","",IF(AND(J2>=Schedule!$G48,J2<=Schedule!$H48),"■","")) | ... EZ47: =IF(EZ2="","",IF(AND(EZ2>=Schedule!$G48,EZ2<=Schedule!$H48),"■",""))
A48: =Schedule!A49 -> 46 | B48: =Schedule!B49 -> 4 scaffolding down | C48: =IF(C2="","",IF(AND(C2>=Schedule!$G49,C2<=Schedule!$H49),"■","")) | D48: =IF(D2="","",IF(AND(D2>=Schedule!$G49,D2<=Schedule!$H49),"■","")) | E48: =IF(E2="","",IF(AND(E2>=Schedule!$G49,E2<=Schedule!$H49),"■","")) | F48: =IF(F2="","",IF(AND(F2>=Schedule!$G49,F2<=Schedule!$H49),"■","")) | G48: =IF(G2="","",IF(AND(G2>=Schedule!$G49,G2<=Schedule!$H49),"■","")) | H48: =IF(H2="","",IF(AND(H2>=Schedule!$G49,H2<=Schedule!$H49),"■","")) | I48: =IF(I2="","",IF(AND(I2>=Schedule!$G49,I2<=Schedule!$H49),"■","")) | J48: =IF(J2="","",IF(AND(J2>=Schedule!$G49,J2<=Schedule!$H49),"■","")) | ... EZ48: =IF(EZ2="","",IF(AND(EZ2>=Schedule!$G49,EZ2<=Schedule!$H49),"■",""))
A49: =Schedule!A50 -> 47 | B49: =Schedule!B50 -> 4 plasterboard supply&install&set | C49: =IF(C2="","",IF(AND(C2>=Schedule!$G50,C2<=Schedule!$H50),"■","")) | D49: =IF(D2="","",IF(AND(D2>=Schedule!$G50,D2<=Schedule!$H50),"■","")) | E49: =IF(E2="","",IF(AND(E2>=Schedule!$G50,E2<=Schedule!$H50),"■","")) | F49: =IF(F2="","",IF(AND(F2>=Schedule!$G50,F2<=Schedule!$H50),"■","")) | G49: =IF(G2="","",IF(AND(G2>=Schedule!$G50,G2<=Schedule!$H50),"■","")) | H49: =IF(H2="","",IF(AND(H2>=Schedule!$G50,H2<=Schedule!$H50),"■","")) | I49: =IF(I2="","",IF(AND(I2>=Schedule!$G50,I2<=Schedule!$H50),"■","")) | J49: =IF(J2="","",IF(AND(J2>=Schedule!$G50,J2<=Schedule!$H50),"■","")) | ... EZ49: =IF(EZ2="","",IF(AND(EZ2>=Schedule!$G50,EZ2<=Schedule!$H50),"■",""))
A50: =Schedule!A51 -> 48 | B50: =Schedule!B51 -> 4 internal painting | C50: =IF(C2="","",IF(AND(C2>=Schedule!$G51,C2<=Schedule!$H51),"■","")) | D50: =IF(D2="","",IF(AND(D2>=Schedule!$G51,D2<=Schedule!$H51),"■","")) | E50: =IF(E2="","",IF(AND(E2>=Schedule!$G51,E2<=Schedule!$H51),"■","")) | F50: =IF(F2="","",IF(AND(F2>=Schedule!$G51,F2<=Schedule!$H51),"■","")) | G50: =IF(G2="","",IF(AND(G2>=Schedule!$G51,G2<=Schedule!$H51),"■","")) | H50: =IF(H2="","",IF(AND(H2>=Schedule!$G51,H2<=Schedule!$H51),"■","")) | I50: =IF(I2="","",IF(AND(I2>=Schedule!$G51,I2<=Schedule!$H51),"■","")) | J50: =IF(J2="","",IF(AND(J2>=Schedule!$G51,J2<=Schedule!$H51),"■","")) | ... EZ50: =IF(EZ2="","",IF(AND(EZ2>=Schedule!$G51,EZ2<=Schedule!$H51),"■",""))
A51: =Schedule!A52 -> 49 | B51: =Schedule!B52 -> 4 tiles delivery | C51: =IF(C2="","",IF(AND(C2>=Schedule!$G52,C2<=Schedule!$H52),"■","")) | D51: =IF(D2="","",IF(AND(D2>=Schedule!$G52,D2<=Schedule!$H52),"■","")) | E51: =IF(E2="","",IF(AND(E2>=Schedule!$G52,E2<=Schedule!$H52),"■","")) | F51: =IF(F2="","",IF(AND(F2>=Schedule!$G52,F2<=Schedule!$H52),"■","")) | G51: =IF(G2="","",IF(AND(G2>=Schedule!$G52,G2<=Schedule!$H52),"■","")) | H51: =IF(H2="","",IF(AND(H2>=Schedule!$G52,H2<=Schedule!$H52),"■","")) | I51: =IF(I2="","",IF(AND(I2>=Schedule!$G52,I2<=Schedule!$H52),"■","")) | J51: =IF(J2="","",IF(AND(J2>=Schedule!$G52,J2<=Schedule!$H52),"■","")) | ... EZ51: =IF(EZ2="","",IF(AND(EZ2>=Schedule!$G52,EZ2<=Schedule!$H52),"■",""))
A52: =Schedule!A53 -> 50 | B52: =Schedule!B53 -> 4 waterproofing&tiling labour | C52: =IF(C2="","",IF(AND(C2>=Schedule!$G53,C2<=Schedule!$H53),"■","")) | D52: =IF(D2="","",IF(AND(D2>=Schedule!$G53,D2<=Schedule!$H53),"■","")) | E52: =IF(E2="","",IF(AND(E2>=Schedule!$G53,E2<=Schedule!$H53),"■","")) | F52: =IF(F2="","",IF(AND(F2>=Schedule!$G53,F2<=Schedule!$H53),"■","")) | G52: =IF(G2="","",IF(AND(G2>=Schedule!$G53,G2<=Schedule!$H53),"■","")) | H52: =IF(H2="","",IF(AND(H2>=Schedule!$G53,H2<=Schedule!$H53),"■","")) | I52: =IF(I2="","",IF(AND(I2>=Schedule!$G53,I2<=Schedule!$H53),"■","")) | J52: =IF(J2="","",IF(AND(J2>=Schedule!$G53,J2<=Schedule!$H53),"■","")) | ... EZ52: =IF(EZ2="","",IF(AND(EZ2>=Schedule!$G53,EZ2<=Schedule!$H53),"■",""))
A53: =Schedule!A54 -> 51 | B53: =Schedule!B54 -> 4 cabinetry install | C53: =IF(C2="","",IF(AND(C2>=Schedule!$G54,C2<=Schedule!$H54),"■","")) | D53: =IF(D2="","",IF(AND(D2>=Schedule!$G54,D2<=Schedule!$H54),"■","")) | E53: =IF(E2="","",IF(AND(E2>=Schedule!$G54,E2<=Schedule!$H54),"■","")) | F53: =IF(F2="","",IF(AND(F2>=Schedule!$G54,F2<=Schedule!$H54),"■","")) | G53: =IF(G2="","",IF(AND(G2>=Schedule!$G54,G2<=Schedule!$H54),"■","")) | H53: =IF(H2="","",IF(AND(H2>=Schedule!$G54,H2<=Schedule!$H54),"■","")) | I53: =IF(I2="","",IF(AND(I2>=Schedule!$G54,I2<=Schedule!$H54),"■","")) | J53: =IF(J2="","",IF(AND(J2>=Schedule!$G54,J2<=Schedule!$H54),"■","")) | ... EZ53: =IF(EZ2="","",IF(AND(EZ2>=Schedule!$G54,EZ2<=Schedule!$H54),"■",""))
A54: =Schedule!A55 -> 52 | B54: =Schedule!B55 -> 4 benchtop measure | C54: =IF(C2="","",IF(AND(C2>=Schedule!$G55,C2<=Schedule!$H55),"■","")) | D54: =IF(D2="","",IF(AND(D2>=Schedule!$G55,D2<=Schedule!$H55),"■","")) | E54: =IF(E2="","",IF(AND(E2>=Schedule!$G55,E2<=Schedule!$H55),"■","")) | F54: =IF(F2="","",IF(AND(F2>=Schedule!$G55,F2<=Schedule!$H55),"■","")) | G54: =IF(G2="","",IF(AND(G2>=Schedule!$G55,G2<=Schedule!$H55),"■","")) | H54: =IF(H2="","",IF(AND(H2>=Schedule!$G55,H2<=Schedule!$H55),"■","")) | I54: =IF(I2="","",IF(AND(I2>=Schedule!$G55,I2<=Schedule!$H55),"■","")) | J54: =IF(J2="","",IF(AND(J2>=Schedule!$G55,J2<=Schedule!$H55),"■","")) | ... EZ54: =IF(EZ2="","",IF(AND(EZ2>=Schedule!$G55,EZ2<=Schedule!$H55),"■",""))
A55: =Schedule!A56 -> 53 | B55: =Schedule!B56 -> 4 benchtop instsall | C55: =IF(C2="","",IF(AND(C2>=Schedule!$G56,C2<=Schedule!$H56),"■","")) | D55: =IF(D2="","",IF(AND(D2>=Schedule!$G56,D2<=Schedule!$H56),"■","")) | E55: =IF(E2="","",IF(AND(E2>=Schedule!$G56,E2<=Schedule!$H56),"■","")) | F55: =IF(F2="","",IF(AND(F2>=Schedule!$G56,F2<=Schedule!$H56),"■","")) | G55: =IF(G2="","",IF(AND(G2>=Schedule!$G56,G2<=Schedule!$H56),"■","")) | H55: =IF(H2="","",IF(AND(H2>=Schedule!$G56,H2<=Schedule!$H56),"■","")) | I55: =IF(I2="","",IF(AND(I2>=Schedule!$G56,I2<=Schedule!$H56),"■","")) | J55: =IF(J2="","",IF(AND(J2>=Schedule!$G56,J2<=Schedule!$H56),"■","")) | ... EZ55: =IF(EZ2="","",IF(AND(EZ2>=Schedule!$G56,EZ2<=Schedule!$H56),"■",""))
A56: =Schedule!A57 -> 54 | B56: =Schedule!B57 -> 4 garage door supply&install | C56: =IF(C2="","",IF(AND(C2>=Schedule!$G57,C2<=Schedule!$H57),"■","")) | D56: =IF(D2="","",IF(AND(D2>=Schedule!$G57,D2<=Schedule!$H57),"■","")) | E56: =IF(E2="","",IF(AND(E2>=Schedule!$G57,E2<=Schedule!$H57),"■","")) | F56: =IF(F2="","",IF(AND(F2>=Schedule!$G57,F2<=Schedule!$H57),"■","")) | G56: =IF(G2="","",IF(AND(G2>=Schedule!$G57,G2<=Schedule!$H57),"■","")) | H56: =IF(H2="","",IF(AND(H2>=Schedule!$G57,H2<=Schedule!$H57),"■","")) | I56: =IF(I2="","",IF(AND(I2>=Schedule!$G57,I2<=Schedule!$H57),"■","")) | J56: =IF(J2="","",IF(AND(J2>=Schedule!$G57,J2<=Schedule!$H57),"■","")) | ... EZ56: =IF(EZ2="","",IF(AND(EZ2>=Schedule!$G57,EZ2<=Schedule!$H57),"■",""))
A57: =Schedule!A58 -> 55 | B57: =Schedule!B58 -> 4 garage door measure | C57: =IF(C2="","",IF(AND(C2>=Schedule!$G58,C2<=Schedule!$H58),"■","")) | D57: =IF(D2="","",IF(AND(D2>=Schedule!$G58,D2<=Schedule!$H58),"■","")) | E57: =IF(E2="","",IF(AND(E2>=Schedule!$G58,E2<=Schedule!$H58),"■","")) | F57: =IF(F2="","",IF(AND(F2>=Schedule!$G58,F2<=Schedule!$H58),"■","")) | G57: =IF(G2="","",IF(AND(G2>=Schedule!$G58,G2<=Schedule!$H58),"■","")) | H57: =IF(H2="","",IF(AND(H2>=Schedule!$G58,H2<=Schedule!$H58),"■","")) | I57: =IF(I2="","",IF(AND(I2>=Schedule!$G58,I2<=Schedule!$H58),"■","")) | J57: =IF(J2="","",IF(AND(J2>=Schedule!$G58,J2<=Schedule!$H58),"■","")) | ... EZ57: =IF(EZ2="","",IF(AND(EZ2>=Schedule!$G58,EZ2<=Schedule!$H58),"■",""))
A58: =Schedule!A59 -> 56 | B58: =Schedule!B59 -> 4 plumbing fittings delivery | C58: =IF(C2="","",IF(AND(C2>=Schedule!$G59,C2<=Schedule!$H59),"■","")) | D58: =IF(D2="","",IF(AND(D2>=Schedule!$G59,D2<=Schedule!$H59),"■","")) | E58: =IF(E2="","",IF(AND(E2>=Schedule!$G59,E2<=Schedule!$H59),"■","")) | F58: =IF(F2="","",IF(AND(F2>=Schedule!$G59,F2<=Schedule!$H59),"■","")) | G58: =IF(G2="","",IF(AND(G2>=Schedule!$G59,G2<=Schedule!$H59),"■","")) | H58: =IF(H2="","",IF(AND(H2>=Schedule!$G59,H2<=Schedule!$H59),"■","")) | I58: =IF(I2="","",IF(AND(I2>=Schedule!$G59,I2<=Schedule!$H59),"■","")) | J58: =IF(J2="","",IF(AND(J2>=Schedule!$G59,J2<=Schedule!$H59),"■","")) | ... EZ58: =IF(EZ2="","",IF(AND(EZ2>=Schedule!$G59,EZ2<=Schedule!$H59),"■",""))
A59: =Schedule!A60 -> 57 | B59: =Schedule!B60 -> 4 plumbing fitout | C59: =IF(C2="","",IF(AND(C2>=Schedule!$G60,C2<=Schedule!$H60),"■","")) | D59: =IF(D2="","",IF(AND(D2>=Schedule!$G60,D2<=Schedule!$H60),"■","")) | E59: =IF(E2="","",IF(AND(E2>=Schedule!$G60,E2<=Schedule!$H60),"■","")) | F59: =IF(F2="","",IF(AND(F2>=Schedule!$G60,F2<=Schedule!$H60),"■","")) | G59: =IF(G2="","",IF(AND(G2>=Schedule!$G60,G2<=Schedule!$H60),"■","")) | H59: =IF(H2="","",IF(AND(H2>=Schedule!$G60,H2<=Schedule!$H60),"■","")) | I59: =IF(I2="","",IF(AND(I2>=Schedule!$G60,I2<=Schedule!$H60),"■","")) | J59: =IF(J2="","",IF(AND(J2>=Schedule!$G60,J2<=Schedule!$H60),"■","")) | ... EZ59: =IF(EZ2="","",IF(AND(EZ2>=Schedule!$G60,EZ2<=Schedule!$H60),"■",""))
A60: =Schedule!A61 -> 58 | B60: =Schedule!B61 -> 4 electrical fitout | C60: =IF(C2="","",IF(AND(C2>=Schedule!$G61,C2<=Schedule!$H61),"■","")) | D60: =IF(D2="","",IF(AND(D2>=Schedule!$G61,D2<=Schedule!$H61),"■","")) | E60: =IF(E2="","",IF(AND(E2>=Schedule!$G61,E2<=Schedule!$H61),"■","")) | F60: =IF(F2="","",IF(AND(F2>=Schedule!$G61,F2<=Schedule!$H61),"■","")) | G60: =IF(G2="","",IF(AND(G2>=Schedule!$G61,G2<=Schedule!$H61),"■","")) | H60: =IF(H2="","",IF(AND(H2>=Schedule!$G61,H2<=Schedule!$H61),"■","")) | I60: =IF(I2="","",IF(AND(I2>=Schedule!$G61,I2<=Schedule!$H61),"■","")) | J60: =IF(J2="","",IF(AND(J2>=Schedule!$G61,J2<=Schedule!$H61),"■","")) | ... EZ60: =IF(EZ2="","",IF(AND(EZ2>=Schedule!$G61,EZ2<=Schedule!$H61),"■",""))
A61: =Schedule!A62 -> 59 | B61: =Schedule!B62 -> 4 AC fitout | C61: =IF(C2="","",IF(AND(C2>=Schedule!$G62,C2<=Schedule!$H62),"■","")) | D61: =IF(D2="","",IF(AND(D2>=Schedule!$G62,D2<=Schedule!$H62),"■","")) | E61: =IF(E2="","",IF(AND(E2>=Schedule!$G62,E2<=Schedule!$H62),"■","")) | F61: =IF(F2="","",IF(AND(F2>=Schedule!$G62,F2<=Schedule!$H62),"■","")) | G61: =IF(G2="","",IF(AND(G2>=Schedule!$G62,G2<=Schedule!$H62),"■","")) | H61: =IF(H2="","",IF(AND(H2>=Schedule!$G62,H2<=Schedule!$H62),"■","")) | I61: =IF(I2="","",IF(AND(I2>=Schedule!$G62,I2<=Schedule!$H62),"■","")) | J61: =IF(J2="","",IF(AND(J2>=Schedule!$G62,J2<=Schedule!$H62),"■","")) | ... EZ61: =IF(EZ2="","",IF(AND(EZ2>=Schedule!$G62,EZ2<=Schedule!$H62),"■",""))
A62: =Schedule!A63 -> 60 | B62: =Schedule!B63 -> 4 flooring | C62: =IF(C2="","",IF(AND(C2>=Schedule!$G63,C2<=Schedule!$H63),"■","")) | D62: =IF(D2="","",IF(AND(D2>=Schedule!$G63,D2<=Schedule!$H63),"■","")) | E62: =IF(E2="","",IF(AND(E2>=Schedule!$G63,E2<=Schedule!$H63),"■","")) | F62: =IF(F2="","",IF(AND(F2>=Schedule!$G63,F2<=Schedule!$H63),"■","")) | G62: =IF(G2="","",IF(AND(G2>=Schedule!$G63,G2<=Schedule!$H63),"■","")) | H62: =IF(H2="","",IF(AND(H2>=Schedule!$G63,H2<=Schedule!$H63),"■","")) | I62: =IF(I2="","",IF(AND(I2>=Schedule!$G63,I2<=Schedule!$H63),"■","")) | J62: =IF(J2="","",IF(AND(J2>=Schedule!$G63,J2<=Schedule!$H63),"■","")) | ... EZ62: =IF(EZ2="","",IF(AND(EZ2>=Schedule!$G63,EZ2<=Schedule!$H63),"■",""))
A63: =Schedule!A64 -> 61 | B63: =Schedule!B64 -> 4 glass balustrade | C63: =IF(C2="","",IF(AND(C2>=Schedule!$G64,C2<=Schedule!$H64),"■","")) | D63: =IF(D2="","",IF(AND(D2>=Schedule!$G64,D2<=Schedule!$H64),"■","")) | E63: =IF(E2="","",IF(AND(E2>=Schedule!$G64,E2<=Schedule!$H64),"■","")) | F63: =IF(F2="","",IF(AND(F2>=Schedule!$G64,F2<=Schedule!$H64),"■","")) | G63: =IF(G2="","",IF(AND(G2>=Schedule!$G64,G2<=Schedule!$H64),"■","")) | H63: =IF(H2="","",IF(AND(H2>=Schedule!$G64,H2<=Schedule!$H64),"■","")) | I63: =IF(I2="","",IF(AND(I2>=Schedule!$G64,I2<=Schedule!$H64),"■","")) | J63: =IF(J2="","",IF(AND(J2>=Schedule!$G64,J2<=Schedule!$H64),"■","")) | ... EZ63: =IF(EZ2="","",IF(AND(EZ2>=Schedule!$G64,EZ2<=Schedule!$H64),"■",""))
A64: =Schedule!A65 -> 62 | B64: =Schedule!B65 -> 4 fixout materials delivery | C64: =IF(C2="","",IF(AND(C2>=Schedule!$G65,C2<=Schedule!$H65),"■","")) | D64: =IF(D2="","",IF(AND(D2>=Schedule!$G65,D2<=Schedule!$H65),"■","")) | E64: =IF(E2="","",IF(AND(E2>=Schedule!$G65,E2<=Schedule!$H65),"■","")) | F64: =IF(F2="","",IF(AND(F2>=Schedule!$G65,F2<=Schedule!$H65),"■","")) | G64: =IF(G2="","",IF(AND(G2>=Schedule!$G65,G2<=Schedule!$H65),"■","")) | H64: =IF(H2="","",IF(AND(H2>=Schedule!$G65,H2<=Schedule!$H65),"■","")) | I64: =IF(I2="","",IF(AND(I2>=Schedule!$G65,I2<=Schedule!$H65),"■","")) | J64: =IF(J2="","",IF(AND(J2>=Schedule!$G65,J2<=Schedule!$H65),"■","")) | ... EZ64: =IF(EZ2="","",IF(AND(EZ2>=Schedule!$G65,EZ2<=Schedule!$H65),"■",""))
A65: =Schedule!A66 -> 63 | B65: =Schedule!B66 -> 4 fixout labour | C65: =IF(C2="","",IF(AND(C2>=Schedule!$G66,C2<=Schedule!$H66),"■","")) | D65: =IF(D2="","",IF(AND(D2>=Schedule!$G66,D2<=Schedule!$H66),"■","")) | E65: =IF(E2="","",IF(AND(E2>=Schedule!$G66,E2<=Schedule!$H66),"■","")) | F65: =IF(F2="","",IF(AND(F2>=Schedule!$G66,F2<=Schedule!$H66),"■","")) | G65: =IF(G2="","",IF(AND(G2>=Schedule!$G66,G2<=Schedule!$H66),"■","")) | H65: =IF(H2="","",IF(AND(H2>=Schedule!$G66,H2<=Schedule!$H66),"■","")) | I65: =IF(I2="","",IF(AND(I2>=Schedule!$G66,I2<=Schedule!$H66),"■","")) | J65: =IF(J2="","",IF(AND(J2>=Schedule!$G66,J2<=Schedule!$H66),"■","")) | ... EZ65: =IF(EZ2="","",IF(AND(EZ2>=Schedule!$G66,EZ2<=Schedule!$H66),"■",""))
A66: =Schedule!A67 -> 64 | B66: =Schedule!B67 -> 4 ceiling batten | C66: =IF(C2="","",IF(AND(C2>=Schedule!$G67,C2<=Schedule!$H67),"■","")) | D66: =IF(D2="","",IF(AND(D2>=Schedule!$G67,D2<=Schedule!$H67),"■","")) | E66: =IF(E2="","",IF(AND(E2>=Schedule!$G67,E2<=Schedule!$H67),"■","")) | F66: =IF(F2="","",IF(AND(F2>=Schedule!$G67,F2<=Schedule!$H67),"■","")) | G66: =IF(G2="","",IF(AND(G2>=Schedule!$G67,G2<=Schedule!$H67),"■","")) | H66: =IF(H2="","",IF(AND(H2>=Schedule!$G67,H2<=Schedule!$H67),"■","")) | I66: =IF(I2="","",IF(AND(I2>=Schedule!$G67,I2<=Schedule!$H67),"■","")) | J66: =IF(J2="","",IF(AND(J2>=Schedule!$G67,J2<=Schedule!$H67),"■","")) | ... EZ66: =IF(EZ2="","",IF(AND(EZ2>=Schedule!$G67,EZ2<=Schedule!$H67),"■",""))
A67: =Schedule!A68 -> 65 | B67: =Schedule!B68 -> 4 insulation | C67: =IF(C2="","",IF(AND(C2>=Schedule!$G68,C2<=Schedule!$H68),"■","")) | D67: =IF(D2="","",IF(AND(D2>=Schedule!$G68,D2<=Schedule!$H68),"■","")) | E67: =IF(E2="","",IF(AND(E2>=Schedule!$G68,E2<=Schedule!$H68),"■","")) | F67: =IF(F2="","",IF(AND(F2>=Schedule!$G68,F2<=Schedule!$H68),"■","")) | G67: =IF(G2="","",IF(AND(G2>=Schedule!$G68,G2<=Schedule!$H68),"■","")) | H67: =IF(H2="","",IF(AND(H2>=Schedule!$G68,H2<=Schedule!$H68),"■","")) | I67: =IF(I2="","",IF(AND(I2>=Schedule!$G68,I2<=Schedule!$H68),"■","")) | J67: =IF(J2="","",IF(AND(J2>=Schedule!$G68,J2<=Schedule!$H68),"■","")) | ... EZ67: =IF(EZ2="","",IF(AND(EZ2>=Schedule!$G68,EZ2<=Schedule!$H68),"■",""))
A68: =Schedule!A69 -> 66 | B68: =Schedule!B69 -> 4 shower mixer delivery | C68: =IF(C2="","",IF(AND(C2>=Schedule!$G69,C2<=Schedule!$H69),"■","")) | D68: =IF(D2="","",IF(AND(D2>=Schedule!$G69,D2<=Schedule!$H69),"■","")) | E68: =IF(E2="","",IF(AND(E2>=Schedule!$G69,E2<=Schedule!$H69),"■","")) | F68: =IF(F2="","",IF(AND(F2>=Schedule!$G69,F2<=Schedule!$H69),"■","")) | G68: =IF(G2="","",IF(AND(G2>=Schedule!$G69,G2<=Schedule!$H69),"■","")) | H68: =IF(H2="","",IF(AND(H2>=Schedule!$G69,H2<=Schedule!$H69),"■","")) | I68: =IF(I2="","",IF(AND(I2>=Schedule!$G69,I2<=Schedule!$H69),"■","")) | J68: =IF(J2="","",IF(AND(J2>=Schedule!$G69,J2<=Schedule!$H69),"■","")) | ... EZ68: =IF(EZ2="","",IF(AND(EZ2>=Schedule!$G69,EZ2<=Schedule!$H69),"■",""))
A69: =Schedule!A70 -> 67 | B69: =Schedule!B70 -> 4 appliance delivery | C69: =IF(C2="","",IF(AND(C2>=Schedule!$G70,C2<=Schedule!$H70),"■","")) | D69: =IF(D2="","",IF(AND(D2>=Schedule!$G70,D2<=Schedule!$H70),"■","")) | E69: =IF(E2="","",IF(AND(E2>=Schedule!$G70,E2<=Schedule!$H70),"■","")) | F69: =IF(F2="","",IF(AND(F2>=Schedule!$G70,F2<=Schedule!$H70),"■","")) | G69: =IF(G2="","",IF(AND(G2>=Schedule!$G70,G2<=Schedule!$H70),"■","")) | H69: =IF(H2="","",IF(AND(H2>=Schedule!$G70,H2<=Schedule!$H70),"■","")) | I69: =IF(I2="","",IF(AND(I2>=Schedule!$G70,I2<=Schedule!$H70),"■","")) | J69: =IF(J2="","",IF(AND(J2>=Schedule!$G70,J2<=Schedule!$H70),"■","")) | ... EZ69: =IF(EZ2="","",IF(AND(EZ2>=Schedule!$G70,EZ2<=Schedule!$H70),"■",""))
A70: =Schedule!A71 -> 68 | B70: =Schedule!B71 -> 4 landscaping | C70: =IF(C2="","",IF(AND(C2>=Schedule!$G71,C2<=Schedule!$H71),"■","")) | D70: =IF(D2="","",IF(AND(D2>=Schedule!$G71,D2<=Schedule!$H71),"■","")) | E70: =IF(E2="","",IF(AND(E2>=Schedule!$G71,E2<=Schedule!$H71),"■","")) | F70: =IF(F2="","",IF(AND(F2>=Schedule!$G71,F2<=Schedule!$H71),"■","")) | G70: =IF(G2="","",IF(AND(G2>=Schedule!$G71,G2<=Schedule!$H71),"■","")) | H70: =IF(H2="","",IF(AND(H2>=Schedule!$G71,H2<=Schedule!$H71),"■","")) | I70: =IF(I2="","",IF(AND(I2>=Schedule!$G71,I2<=Schedule!$H71),"■","")) | J70: =IF(J2="","",IF(AND(J2>=Schedule!$G71,J2<=Schedule!$H71),"■","")) | ... EZ70: =IF(EZ2="","",IF(AND(EZ2>=Schedule!$G71,EZ2<=Schedule!$H71),"■",""))
A71: =Schedule!A72 -> 69 | B71: =Schedule!B72 -> 4 showerscreen&mirror install | C71: =IF(C2="","",IF(AND(C2>=Schedule!$G72,C2<=Schedule!$H72),"■","")) | D71: =IF(D2="","",IF(AND(D2>=Schedule!$G72,D2<=Schedule!$H72),"■","")) | E71: =IF(E2="","",IF(AND(E2>=Schedule!$G72,E2<=Schedule!$H72),"■","")) | F71: =IF(F2="","",IF(AND(F2>=Schedule!$G72,F2<=Schedule!$H72),"■","")) | G71: =IF(G2="","",IF(AND(G2>=Schedule!$G72,G2<=Schedule!$H72),"■","")) | H71: =IF(H2="","",IF(AND(H2>=Schedule!$G72,H2<=Schedule!$H72),"■","")) | I71: =IF(I2="","",IF(AND(I2>=Schedule!$G72,I2<=Schedule!$H72),"■","")) | J71: =IF(J2="","",IF(AND(J2>=Schedule!$G72,J2<=Schedule!$H72),"■","")) | ... EZ71: =IF(EZ2="","",IF(AND(EZ2>=Schedule!$G72,EZ2<=Schedule!$H72),"■",""))
A72: =Schedule!A73 -> 70 | B72: =Schedule!B73 -> 4 robe&shelving fitout | C72: =IF(C2="","",IF(AND(C2>=Schedule!$G73,C2<=Schedule!$H73),"■","")) | D72: =IF(D2="","",IF(AND(D2>=Schedule!$G73,D2<=Schedule!$H73),"■","")) | E72: =IF(E2="","",IF(AND(E2>=Schedule!$G73,E2<=Schedule!$H73),"■","")) | F72: =IF(F2="","",IF(AND(F2>=Schedule!$G73,F2<=Schedule!$H73),"■","")) | G72: =IF(G2="","",IF(AND(G2>=Schedule!$G73,G2<=Schedule!$H73),"■","")) | H72: =IF(H2="","",IF(AND(H2>=Schedule!$G73,H2<=Schedule!$H73),"■","")) | I72: =IF(I2="","",IF(AND(I2>=Schedule!$G73,I2<=Schedule!$H73),"■","")) | J72: =IF(J2="","",IF(AND(J2>=Schedule!$G73,J2<=Schedule!$H73),"■","")) | ... EZ72: =IF(EZ2="","",IF(AND(EZ2>=Schedule!$G73,EZ2<=Schedule!$H73),"■",""))
A73: =Schedule!A74 -> 71 | B73: =Schedule!B74 -> 4 final fit | C73: =IF(C2="","",IF(AND(C2>=Schedule!$G74,C2<=Schedule!$H74),"■","")) | D73: =IF(D2="","",IF(AND(D2>=Schedule!$G74,D2<=Schedule!$H74),"■","")) | E73: =IF(E2="","",IF(AND(E2>=Schedule!$G74,E2<=Schedule!$H74),"■","")) | F73: =IF(F2="","",IF(AND(F2>=Schedule!$G74,F2<=Schedule!$H74),"■","")) | G73: =IF(G2="","",IF(AND(G2>=Schedule!$G74,G2<=Schedule!$H74),"■","")) | H73: =IF(H2="","",IF(AND(H2>=Schedule!$G74,H2<=Schedule!$H74),"■","")) | I73: =IF(I2="","",IF(AND(I2>=Schedule!$G74,I2<=Schedule!$H74),"■","")) | J73: =IF(J2="","",IF(AND(J2>=Schedule!$G74,J2<=Schedule!$H74),"■","")) | ... EZ73: =IF(EZ2="","",IF(AND(EZ2>=Schedule!$G74,EZ2<=Schedule!$H74),"■",""))
A74: =Schedule!A75 -> 72 | B74: =Schedule!B75 -> 4 Final inspection | C74: =IF(C2="","",IF(AND(C2>=Schedule!$G75,C2<=Schedule!$H75),"■","")) | D74: =IF(D2="","",IF(AND(D2>=Schedule!$G75,D2<=Schedule!$H75),"■","")) | E74: =IF(E2="","",IF(AND(E2>=Schedule!$G75,E2<=Schedule!$H75),"■","")) | F74: =IF(F2="","",IF(AND(F2>=Schedule!$G75,F2<=Schedule!$H75),"■","")) | G74: =IF(G2="","",IF(AND(G2>=Schedule!$G75,G2<=Schedule!$H75),"■","")) | H74: =IF(H2="","",IF(AND(H2>=Schedule!$G75,H2<=Schedule!$H75),"■","")) | I74: =IF(I2="","",IF(AND(I2>=Schedule!$G75,I2<=Schedule!$H75),"■","")) | J74: =IF(J2="","",IF(AND(J2>=Schedule!$G75,J2<=Schedule!$H75),"■","")) | ... EZ74: =IF(EZ2="","",IF(AND(EZ2>=Schedule!$G75,EZ2<=Schedule!$H75),"■",""))
A75: =Schedule!A76 -> 73 | B75: =Schedule!B76 -> 4 termite for driveway | C75: =IF(C2="","",IF(AND(C2>=Schedule!$G76,C2<=Schedule!$H76),"■","")) | D75: =IF(D2="","",IF(AND(D2>=Schedule!$G76,D2<=Schedule!$H76),"■","")) | E75: =IF(E2="","",IF(AND(E2>=Schedule!$G76,E2<=Schedule!$H76),"■","")) | F75: =IF(F2="","",IF(AND(F2>=Schedule!$G76,F2<=Schedule!$H76),"■","")) | G75: =IF(G2="","",IF(AND(G2>=Schedule!$G76,G2<=Schedule!$H76),"■","")) | H75: =IF(H2="","",IF(AND(H2>=Schedule!$G76,H2<=Schedule!$H76),"■","")) | I75: =IF(I2="","",IF(AND(I2>=Schedule!$G76,I2<=Schedule!$H76),"■","")) | J75: =IF(J2="","",IF(AND(J2>=Schedule!$G76,J2<=Schedule!$H76),"■","")) | ... EZ75: =IF(EZ2="","",IF(AND(EZ2>=Schedule!$G76,EZ2<=Schedule!$H76),"■",""))
A76: =Schedule!A77 -> 74 | B76: =Schedule!B77 -> 4 driveway | C76: =IF(C2="","",IF(AND(C2>=Schedule!$G77,C2<=Schedule!$H77),"■","")) | D76: =IF(D2="","",IF(AND(D2>=Schedule!$G77,D2<=Schedule!$H77),"■","")) | E76: =IF(E2="","",IF(AND(E2>=Schedule!$G77,E2<=Schedule!$H77),"■","")) | F76: =IF(F2="","",IF(AND(F2>=Schedule!$G77,F2<=Schedule!$H77),"■","")) | G76: =IF(G2="","",IF(AND(G2>=Schedule!$G77,G2<=Schedule!$H77),"■","")) | H76: =IF(H2="","",IF(AND(H2>=Schedule!$G77,H2<=Schedule!$H77),"■","")) | I76: =IF(I2="","",IF(AND(I2>=Schedule!$G77,I2<=Schedule!$H77),"■","")) | J76: =IF(J2="","",IF(AND(J2>=Schedule!$G77,J2<=Schedule!$H77),"■","")) | ... EZ76: =IF(EZ2="","",IF(AND(EZ2>=Schedule!$G77,EZ2<=Schedule!$H77),"■",""))
A77: =Schedule!A78 -> 75 | B77: =Schedule!B78 -> 4 silicone | C77: =IF(C2="","",IF(AND(C2>=Schedule!$G78,C2<=Schedule!$H78),"■","")) | D77: =IF(D2="","",IF(AND(D2>=Schedule!$G78,D2<=Schedule!$H78),"■","")) | E77: =IF(E2="","",IF(AND(E2>=Schedule!$G78,E2<=Schedule!$H78),"■","")) | F77: =IF(F2="","",IF(AND(F2>=Schedule!$G78,F2<=Schedule!$H78),"■","")) | G77: =IF(G2="","",IF(AND(G2>=Schedule!$G78,G2<=Schedule!$H78),"■","")) | H77: =IF(H2="","",IF(AND(H2>=Schedule!$G78,H2<=Schedule!$H78),"■","")) | I77: =IF(I2="","",IF(AND(I2>=Schedule!$G78,I2<=Schedule!$H78),"■","")) | J77: =IF(J2="","",IF(AND(J2>=Schedule!$G78,J2<=Schedule!$H78),"■","")) | ... EZ77: =IF(EZ2="","",IF(AND(EZ2>=Schedule!$G78,EZ2<=Schedule!$H78),"■",""))
A78: =Schedule!A79 -> 76 | B78: =Schedule!B79 -> 4 House clean | C78: =IF(C2="","",IF(AND(C2>=Schedule!$G79,C2<=Schedule!$H79),"■","")) | D78: =IF(D2="","",IF(AND(D2>=Schedule!$G79,D2<=Schedule!$H79),"■","")) | E78: =IF(E2="","",IF(AND(E2>=Schedule!$G79,E2<=Schedule!$H79),"■","")) | F78: =IF(F2="","",IF(AND(F2>=Schedule!$G79,F2<=Schedule!$H79),"■","")) | G78: =IF(G2="","",IF(AND(G2>=Schedule!$G79,G2<=Schedule!$H79),"■","")) | H78: =IF(H2="","",IF(AND(H2>=Schedule!$G79,H2<=Schedule!$H79),"■","")) | I78: =IF(I2="","",IF(AND(I2>=Schedule!$G79,I2<=Schedule!$H79),"■","")) | J78: =IF(J2="","",IF(AND(J2>=Schedule!$G79,J2<=Schedule!$H79),"■","")) | ... EZ78: =IF(EZ2="","",IF(AND(EZ2>=Schedule!$G79,EZ2<=Schedule!$H79),"■",""))
A79: =Schedule!A80 -> 77 | B79: =Schedule!B80 -> 0 | C79: =IF(C2="","",IF(AND(C2>=Schedule!$G80,C2<=Schedule!$H80),"■","")) | D79: =IF(D2="","",IF(AND(D2>=Schedule!$G80,D2<=Schedule!$H80),"■","")) | E79: =IF(E2="","",IF(AND(E2>=Schedule!$G80,E2<=Schedule!$H80),"■","")) | F79: =IF(F2="","",IF(AND(F2>=Schedule!$G80,F2<=Schedule!$H80),"■","")) | G79: =IF(G2="","",IF(AND(G2>=Schedule!$G80,G2<=Schedule!$H80),"■","")) | H79: =IF(H2="","",IF(AND(H2>=Schedule!$G80,H2<=Schedule!$H80),"■","")) | I79: =IF(I2="","",IF(AND(I2>=Schedule!$G80,I2<=Schedule!$H80),"■","")) | J79: =IF(J2="","",IF(AND(J2>=Schedule!$G80,J2<=Schedule!$H80),"■","")) | ... EZ79: =IF(EZ2="","",IF(AND(EZ2>=Schedule!$G80,EZ2<=Schedule!$H80),"■",""))
A80: =Schedule!A81 -> 78 | B80: =Schedule!#REF! -> #REF! | C80: =IF(C2="","",IF(AND(C2>=Schedule!#REF!,C2<=Schedule!#REF!),"■","")) -> #REF! | D80: =IF(D2="","",IF(AND(D2>=Schedule!#REF!,D2<=Schedule!#REF!),"■","")) -> #REF! | E80: =IF(E2="","",IF(AND(E2>=Schedule!#REF!,E2<=Schedule!#REF!),"■","")) -> #REF! | F80: =IF(F2="","",IF(AND(F2>=Schedule!#REF!,F2<=Schedule!#REF!),"■","")) -> #REF! | G80: =IF(G2="","",IF(AND(G2>=Schedule!#REF!,G2<=Schedule!#REF!),"■","")) -> #REF! | H80: =IF(H2="","",IF(AND(H2>=Schedule!#REF!,H2<=Schedule!#REF!),"■","")) -> #REF! | I80: =IF(I2="","",IF(AND(I2>=Schedule!#REF!,I2<=Schedule!#REF!),"■","")) -> #REF! | J80: =IF(J2="","",IF(AND(J2>=Schedule!#REF!,J2<=Schedule!#REF!),"■","")) -> #REF! | ... EZ80: =IF(EZ2="","",IF(AND(EZ2>=Schedule!#REF!,EZ2<=Schedule!#REF!),"■","")) -> #REF!
A81: =Schedule!A82 -> 79 | B81: =Schedule!B81 -> 0 | C81: =IF(C2="","",IF(AND(C2>=Schedule!$G81,C2<=Schedule!$H81),"■","")) | D81: =IF(D2="","",IF(AND(D2>=Schedule!$G81,D2<=Schedule!$H81),"■","")) | E81: =IF(E2="","",IF(AND(E2>=Schedule!$G81,E2<=Schedule!$H81),"■","")) | F81: =IF(F2="","",IF(AND(F2>=Schedule!$G81,F2<=Schedule!$H81),"■","")) | G81: =IF(G2="","",IF(AND(G2>=Schedule!$G81,G2<=Schedule!$H81),"■","")) | H81: =IF(H2="","",IF(AND(H2>=Schedule!$G81,H2<=Schedule!$H81),"■","")) | I81: =IF(I2="","",IF(AND(I2>=Schedule!$G81,I2<=Schedule!$H81),"■","")) | J81: =IF(J2="","",IF(AND(J2>=Schedule!$G81,J2<=Schedule!$H81),"■","")) | ... EZ81: =IF(EZ2="","",IF(AND(EZ2>=Schedule!$G81,EZ2<=Schedule!$H81),"■",""))
A82: =Schedule!A83 -> 0 | B82: =Schedule!B83 -> 0 | C82: =IF(C2="","",IF(AND(C2>=Schedule!$G83,C2<=Schedule!$H83),"■","")) | D82: =IF(D2="","",IF(AND(D2>=Schedule!$G83,D2<=Schedule!$H83),"■","")) | E82: =IF(E2="","",IF(AND(E2>=Schedule!$G83,E2<=Schedule!$H83),"■","")) | F82: =IF(F2="","",IF(AND(F2>=Schedule!$G83,F2<=Schedule!$H83),"■","")) | G82: =IF(G2="","",IF(AND(G2>=Schedule!$G83,G2<=Schedule!$H83),"■","")) | H82: =IF(H2="","",IF(AND(H2>=Schedule!$G83,H2<=Schedule!$H83),"■","")) | I82: =IF(I2="","",IF(AND(I2>=Schedule!$G83,I2<=Schedule!$H83),"■","")) | J82: =IF(J2="","",IF(AND(J2>=Schedule!$G83,J2<=Schedule!$H83),"■","")) | ... EZ82: =IF(EZ2="","",IF(AND(EZ2>=Schedule!$G83,EZ2<=Schedule!$H83),"■",""))
A83: =Schedule!A84 -> 0 | B83: =Schedule!B84 -> 0 | C83: =IF(C2="","",IF(AND(C2>=Schedule!$G84,C2<=Schedule!$H84),"■","")) | D83: =IF(D2="","",IF(AND(D2>=Schedule!$G84,D2<=Schedule!$H84),"■","")) | E83: =IF(E2="","",IF(AND(E2>=Schedule!$G84,E2<=Schedule!$H84),"■","")) | F83: =IF(F2="","",IF(AND(F2>=Schedule!$G84,F2<=Schedule!$H84),"■","")) | G83: =IF(G2="","",IF(AND(G2>=Schedule!$G84,G2<=Schedule!$H84),"■","")) | H83: =IF(H2="","",IF(AND(H2>=Schedule!$G84,H2<=Schedule!$H84),"■","")) | I83: =IF(I2="","",IF(AND(I2>=Schedule!$G84,I2<=Schedule!$H84),"■","")) | J83: =IF(J2="","",IF(AND(J2>=Schedule!$G84,J2<=Schedule!$H84),"■","")) | ... CN83: =IF(CN2="","",IF(AND(CN2>=Schedule!$G84,CN2<=Schedule!$H84),"■",""))
A84: =Schedule!A85 -> 0 | B84: =Schedule!B85 -> 0 | C84: =IF(C2="","",IF(AND(C2>=Schedule!$G85,C2<=Schedule!$H85),"■","")) | D84: =IF(D2="","",IF(AND(D2>=Schedule!$G85,D2<=Schedule!$H85),"■","")) | E84: =IF(E2="","",IF(AND(E2>=Schedule!$G85,E2<=Schedule!$H85),"■","")) | F84: =IF(F2="","",IF(AND(F2>=Schedule!$G85,F2<=Schedule!$H85),"■","")) | G84: =IF(G2="","",IF(AND(G2>=Schedule!$G85,G2<=Schedule!$H85),"■","")) | H84: =IF(H2="","",IF(AND(H2>=Schedule!$G85,H2<=Schedule!$H85),"■","")) | I84: =IF(I2="","",IF(AND(I2>=Schedule!$G85,I2<=Schedule!$H85),"■","")) | J84: =IF(J2="","",IF(AND(J2>=Schedule!$G85,J2<=Schedule!$H85),"■","")) | ... CN84: =IF(CN2="","",IF(AND(CN2>=Schedule!$G85,CN2<=Schedule!$H85),"■",""))
A85: =Schedule!A86 -> 0 | B85: =Schedule!B86 -> 0 | C85: =IF(C2="","",IF(AND(C2>=Schedule!$G86,C2<=Schedule!$H86),"■","")) | D85: =IF(D2="","",IF(AND(D2>=Schedule!$G86,D2<=Schedule!$H86),"■","")) | E85: =IF(E2="","",IF(AND(E2>=Schedule!$G86,E2<=Schedule!$H86),"■","")) | F85: =IF(F2="","",IF(AND(F2>=Schedule!$G86,F2<=Schedule!$H86),"■","")) | G85: =IF(G2="","",IF(AND(G2>=Schedule!$G86,G2<=Schedule!$H86),"■","")) | H85: =IF(H2="","",IF(AND(H2>=Schedule!$G86,H2<=Schedule!$H86),"■","")) | I85: =IF(I2="","",IF(AND(I2>=Schedule!$G86,I2<=Schedule!$H86),"■","")) | J85: =IF(J2="","",IF(AND(J2>=Schedule!$G86,J2<=Schedule!$H86),"■","")) | ... CN85: =IF(CN2="","",IF(AND(CN2>=Schedule!$G86,CN2<=Schedule!$H86),"■",""))
A86: =Schedule!A87 -> 0 | B86: =Schedule!B87 -> 0 | C86: =IF(C2="","",IF(AND(C2>=Schedule!$G87,C2<=Schedule!$H87),"■","")) | D86: =IF(D2="","",IF(AND(D2>=Schedule!$G87,D2<=Schedule!$H87),"■","")) | E86: =IF(E2="","",IF(AND(E2>=Schedule!$G87,E2<=Schedule!$H87),"■","")) | F86: =IF(F2="","",IF(AND(F2>=Schedule!$G87,F2<=Schedule!$H87),"■","")) | G86: =IF(G2="","",IF(AND(G2>=Schedule!$G87,G2<=Schedule!$H87),"■","")) | H86: =IF(H2="","",IF(AND(H2>=Schedule!$G87,H2<=Schedule!$H87),"■","")) | I86: =IF(I2="","",IF(AND(I2>=Schedule!$G87,I2<=Schedule!$H87),"■","")) | J86: =IF(J2="","",IF(AND(J2>=Schedule!$G87,J2<=Schedule!$H87),"■","")) | ... CN86: =IF(CN2="","",IF(AND(CN2>=Schedule!$G87,CN2<=Schedule!$H87),"■",""))
A87: =Schedule!A88 -> 0 | B87: =Schedule!B88 -> 0 | C87: =IF(C2="","",IF(AND(C2>=Schedule!$G88,C2<=Schedule!$H88),"■","")) | D87: =IF(D2="","",IF(AND(D2>=Schedule!$G88,D2<=Schedule!$H88),"■","")) | E87: =IF(E2="","",IF(AND(E2>=Schedule!$G88,E2<=Schedule!$H88),"■","")) | F87: =IF(F2="","",IF(AND(F2>=Schedule!$G88,F2<=Schedule!$H88),"■","")) | G87: =IF(G2="","",IF(AND(G2>=Schedule!$G88,G2<=Schedule!$H88),"■","")) | H87: =IF(H2="","",IF(AND(H2>=Schedule!$G88,H2<=Schedule!$H88),"■","")) | I87: =IF(I2="","",IF(AND(I2>=Schedule!$G88,I2<=Schedule!$H88),"■","")) | J87: =IF(J2="","",IF(AND(J2>=Schedule!$G88,J2<=Schedule!$H88),"■","")) | ... CN87: =IF(CN2="","",IF(AND(CN2>=Schedule!$G88,CN2<=Schedule!$H88),"■",""))
A88: =Schedule!A89 -> 0 | B88: =Schedule!B89 -> 0 | C88: =IF(C2="","",IF(AND(C2>=Schedule!$G89,C2<=Schedule!$H89),"■","")) | D88: =IF(D2="","",IF(AND(D2>=Schedule!$G89,D2<=Schedule!$H89),"■","")) | E88: =IF(E2="","",IF(AND(E2>=Schedule!$G89,E2<=Schedule!$H89),"■","")) | F88: =IF(F2="","",IF(AND(F2>=Schedule!$G89,F2<=Schedule!$H89),"■","")) | G88: =IF(G2="","",IF(AND(G2>=Schedule!$G89,G2<=Schedule!$H89),"■","")) | H88: =IF(H2="","",IF(AND(H2>=Schedule!$G89,H2<=Schedule!$H89),"■","")) | I88: =IF(I2="","",IF(AND(I2>=Schedule!$G89,I2<=Schedule!$H89),"■","")) | J88: =IF(J2="","",IF(AND(J2>=Schedule!$G89,J2<=Schedule!$H89),"■","")) | ... CN88: =IF(CN2="","",IF(AND(CN2>=Schedule!$G89,CN2<=Schedule!$H89),"■",""))
A89: =Schedule!A90 -> 0 | B89: =Schedule!B90 -> 0 | C89: =IF(C2="","",IF(AND(C2>=Schedule!$G90,C2<=Schedule!$H90),"■","")) | D89: =IF(D2="","",IF(AND(D2>=Schedule!$G90,D2<=Schedule!$H90),"■","")) | E89: =IF(E2="","",IF(AND(E2>=Schedule!$G90,E2<=Schedule!$H90),"■","")) | F89: =IF(F2="","",IF(AND(F2>=Schedule!$G90,F2<=Schedule!$H90),"■","")) | G89: =IF(G2="","",IF(AND(G2>=Schedule!$G90,G2<=Schedule!$H90),"■","")) | H89: =IF(H2="","",IF(AND(H2>=Schedule!$G90,H2<=Schedule!$H90),"■","")) | I89: =IF(I2="","",IF(AND(I2>=Schedule!$G90,I2<=Schedule!$H90),"■","")) | J89: =IF(J2="","",IF(AND(J2>=Schedule!$G90,J2<=Schedule!$H90),"■","")) | ... CN89: =IF(CN2="","",IF(AND(CN2>=Schedule!$G90,CN2<=Schedule!$H90),"■",""))
A90: =Schedule!A91 -> 0 | B90: =Schedule!B91 -> 0 | C90: =IF(C2="","",IF(AND(C2>=Schedule!$G91,C2<=Schedule!$H91),"■","")) | D90: =IF(D2="","",IF(AND(D2>=Schedule!$G91,D2<=Schedule!$H91),"■","")) | E90: =IF(E2="","",IF(AND(E2>=Schedule!$G91,E2<=Schedule!$H91),"■","")) | F90: =IF(F2="","",IF(AND(F2>=Schedule!$G91,F2<=Schedule!$H91),"■","")) | G90: =IF(G2="","",IF(AND(G2>=Schedule!$G91,G2<=Schedule!$H91),"■","")) | H90: =IF(H2="","",IF(AND(H2>=Schedule!$G91,H2<=Schedule!$H91),"■","")) | I90: =IF(I2="","",IF(AND(I2>=Schedule!$G91,I2<=Schedule!$H91),"■","")) | J90: =IF(J2="","",IF(AND(J2>=Schedule!$G91,J2<=Schedule!$H91),"■","")) | ... CN90: =IF(CN2="","",IF(AND(CN2>=Schedule!$G91,CN2<=Schedule!$H91),"■",""))
A91: =Schedule!A92 -> 0 | B91: =Schedule!B92 -> 0 | C91: =IF(C2="","",IF(AND(C2>=Schedule!$G92,C2<=Schedule!$H92),"■","")) | D91: =IF(D2="","",IF(AND(D2>=Schedule!$G92,D2<=Schedule!$H92),"■","")) | E91: =IF(E2="","",IF(AND(E2>=Schedule!$G92,E2<=Schedule!$H92),"■","")) | F91: =IF(F2="","",IF(AND(F2>=Schedule!$G92,F2<=Schedule!$H92),"■","")) | G91: =IF(G2="","",IF(AND(G2>=Schedule!$G92,G2<=Schedule!$H92),"■","")) | H91: =IF(H2="","",IF(AND(H2>=Schedule!$G92,H2<=Schedule!$H92),"■","")) | I91: =IF(I2="","",IF(AND(I2>=Schedule!$G92,I2<=Schedule!$H92),"■","")) | J91: =IF(J2="","",IF(AND(J2>=Schedule!$G92,J2<=Schedule!$H92),"■","")) | ... CN91: =IF(CN2="","",IF(AND(CN2>=Schedule!$G92,CN2<=Schedule!$H92),"■",""))
A92: =Schedule!A93 -> 0 | B92: =Schedule!B93 -> 0 | C92: =IF(C2="","",IF(AND(C2>=Schedule!$G93,C2<=Schedule!$H93),"■","")) | D92: =IF(D2="","",IF(AND(D2>=Schedule!$G93,D2<=Schedule!$H93),"■","")) | E92: =IF(E2="","",IF(AND(E2>=Schedule!$G93,E2<=Schedule!$H93),"■","")) | F92: =IF(F2="","",IF(AND(F2>=Schedule!$G93,F2<=Schedule!$H93),"■","")) | G92: =IF(G2="","",IF(AND(G2>=Schedule!$G93,G2<=Schedule!$H93),"■","")) | H92: =IF(H2="","",IF(AND(H2>=Schedule!$G93,H2<=Schedule!$H93),"■","")) | I92: =IF(I2="","",IF(AND(I2>=Schedule!$G93,I2<=Schedule!$H93),"■","")) | J92: =IF(J2="","",IF(AND(J2>=Schedule!$G93,J2<=Schedule!$H93),"■","")) | ... CN92: =IF(CN2="","",IF(AND(CN2>=Schedule!$G93,CN2<=Schedule!$H93),"■",""))
A93: =Schedule!A94 -> 0 | B93: =Schedule!B94 -> 0 | C93: =IF(C2="","",IF(AND(C2>=Schedule!$G94,C2<=Schedule!$H94),"■","")) | D93: =IF(D2="","",IF(AND(D2>=Schedule!$G94,D2<=Schedule!$H94),"■","")) | E93: =IF(E2="","",IF(AND(E2>=Schedule!$G94,E2<=Schedule!$H94),"■","")) | F93: =IF(F2="","",IF(AND(F2>=Schedule!$G94,F2<=Schedule!$H94),"■","")) | G93: =IF(G2="","",IF(AND(G2>=Schedule!$G94,G2<=Schedule!$H94),"■","")) | H93: =IF(H2="","",IF(AND(H2>=Schedule!$G94,H2<=Schedule!$H94),"■","")) | I93: =IF(I2="","",IF(AND(I2>=Schedule!$G94,I2<=Schedule!$H94),"■","")) | J93: =IF(J2="","",IF(AND(J2>=Schedule!$G94,J2<=Schedule!$H94),"■","")) | ... CN93: =IF(CN2="","",IF(AND(CN2>=Schedule!$G94,CN2<=Schedule!$H94),"■",""))
A94: =Schedule!A95 -> 0 | B94: =Schedule!B95 -> 0 | C94: =IF(C2="","",IF(AND(C2>=Schedule!$G95,C2<=Schedule!$H95),"■","")) | D94: =IF(D2="","",IF(AND(D2>=Schedule!$G95,D2<=Schedule!$H95),"■","")) | E94: =IF(E2="","",IF(AND(E2>=Schedule!$G95,E2<=Schedule!$H95),"■","")) | F94: =IF(F2="","",IF(AND(F2>=Schedule!$G95,F2<=Schedule!$H95),"■","")) | G94: =IF(G2="","",IF(AND(G2>=Schedule!$G95,G2<=Schedule!$H95),"■","")) | H94: =IF(H2="","",IF(AND(H2>=Schedule!$G95,H2<=Schedule!$H95),"■","")) | I94: =IF(I2="","",IF(AND(I2>=Schedule!$G95,I2<=Schedule!$H95),"■","")) | J94: =IF(J2="","",IF(AND(J2>=Schedule!$G95,J2<=Schedule!$H95),"■","")) | ... CN94: =IF(CN2="","",IF(AND(CN2>=Schedule!$G95,CN2<=Schedule!$H95),"■",""))
A95: =Schedule!A96 -> 0 | B95: =Schedule!B96 -> 0 | C95: =IF(C2="","",IF(AND(C2>=Schedule!$G96,C2<=Schedule!$H96),"■","")) | D95: =IF(D2="","",IF(AND(D2>=Schedule!$G96,D2<=Schedule!$H96),"■","")) | E95: =IF(E2="","",IF(AND(E2>=Schedule!$G96,E2<=Schedule!$H96),"■","")) | F95: =IF(F2="","",IF(AND(F2>=Schedule!$G96,F2<=Schedule!$H96),"■","")) | G95: =IF(G2="","",IF(AND(G2>=Schedule!$G96,G2<=Schedule!$H96),"■","")) | H95: =IF(H2="","",IF(AND(H2>=Schedule!$G96,H2<=Schedule!$H96),"■","")) | I95: =IF(I2="","",IF(AND(I2>=Schedule!$G96,I2<=Schedule!$H96),"■","")) | J95: =IF(J2="","",IF(AND(J2>=Schedule!$G96,J2<=Schedule!$H96),"■","")) | ... CN95: =IF(CN2="","",IF(AND(CN2>=Schedule!$G96,CN2<=Schedule!$H96),"■",""))
A96: =Schedule!A97 -> 0 | B96: =Schedule!B97 -> 0 | C96: =IF(C2="","",IF(AND(C2>=Schedule!$G97,C2<=Schedule!$H97),"■","")) | D96: =IF(D2="","",IF(AND(D2>=Schedule!$G97,D2<=Schedule!$H97),"■","")) | E96: =IF(E2="","",IF(AND(E2>=Schedule!$G97,E2<=Schedule!$H97),"■","")) | F96: =IF(F2="","",IF(AND(F2>=Schedule!$G97,F2<=Schedule!$H97),"■","")) | G96: =IF(G2="","",IF(AND(G2>=Schedule!$G97,G2<=Schedule!$H97),"■","")) | H96: =IF(H2="","",IF(AND(H2>=Schedule!$G97,H2<=Schedule!$H97),"■","")) | I96: =IF(I2="","",IF(AND(I2>=Schedule!$G97,I2<=Schedule!$H97),"■","")) | J96: =IF(J2="","",IF(AND(J2>=Schedule!$G97,J2<=Schedule!$H97),"■","")) | ... CN96: =IF(CN2="","",IF(AND(CN2>=Schedule!$G97,CN2<=Schedule!$H97),"■",""))
A97: =Schedule!A98 -> 0 | B97: =Schedule!B98 -> 0 | C97: =IF(C2="","",IF(AND(C2>=Schedule!$G98,C2<=Schedule!$H98),"■","")) | D97: =IF(D2="","",IF(AND(D2>=Schedule!$G98,D2<=Schedule!$H98),"■","")) | E97: =IF(E2="","",IF(AND(E2>=Schedule!$G98,E2<=Schedule!$H98),"■","")) | F97: =IF(F2="","",IF(AND(F2>=Schedule!$G98,F2<=Schedule!$H98),"■","")) | G97: =IF(G2="","",IF(AND(G2>=Schedule!$G98,G2<=Schedule!$H98),"■","")) | H97: =IF(H2="","",IF(AND(H2>=Schedule!$G98,H2<=Schedule!$H98),"■","")) | I97: =IF(I2="","",IF(AND(I2>=Schedule!$G98,I2<=Schedule!$H98),"■","")) | J97: =IF(J2="","",IF(AND(J2>=Schedule!$G98,J2<=Schedule!$H98),"■","")) | ... CN97: =IF(CN2="","",IF(AND(CN2>=Schedule!$G98,CN2<=Schedule!$H98),"■",""))
A98: =Schedule!A99 -> 0 | B98: =Schedule!B99 -> 0 | C98: =IF(C2="","",IF(AND(C2>=Schedule!$G99,C2<=Schedule!$H99),"■","")) | D98: =IF(D2="","",IF(AND(D2>=Schedule!$G99,D2<=Schedule!$H99),"■","")) | E98: =IF(E2="","",IF(AND(E2>=Schedule!$G99,E2<=Schedule!$H99),"■","")) | F98: =IF(F2="","",IF(AND(F2>=Schedule!$G99,F2<=Schedule!$H99),"■","")) | G98: =IF(G2="","",IF(AND(G2>=Schedule!$G99,G2<=Schedule!$H99),"■","")) | H98: =IF(H2="","",IF(AND(H2>=Schedule!$G99,H2<=Schedule!$H99),"■","")) | I98: =IF(I2="","",IF(AND(I2>=Schedule!$G99,I2<=Schedule!$H99),"■","")) | J98: =IF(J2="","",IF(AND(J2>=Schedule!$G99,J2<=Schedule!$H99),"■","")) | ... CN98: =IF(CN2="","",IF(AND(CN2>=Schedule!$G99,CN2<=Schedule!$H99),"■",""))
A99: =Schedule!A100 -> 0 | B99: =Schedule!B100 -> 0 | C99: =IF(C2="","",IF(AND(C2>=Schedule!$G100,C2<=Schedule!$H100),"■","")) | D99: =IF(D2="","",IF(AND(D2>=Schedule!$G100,D2<=Schedule!$H100),"■","")) | E99: =IF(E2="","",IF(AND(E2>=Schedule!$G100,E2<=Schedule!$H100),"■","")) | F99: =IF(F2="","",IF(AND(F2>=Schedule!$G100,F2<=Schedule!$H100),"■","")) | G99: =IF(G2="","",IF(AND(G2>=Schedule!$G100,G2<=Schedule!$H100),"■","")) | H99: =IF(H2="","",IF(AND(H2>=Schedule!$G100,H2<=Schedule!$H100),"■","")) | I99: =IF(I2="","",IF(AND(I2>=Schedule!$G100,I2<=Schedule!$H100),"■","")) | J99: =IF(J2="","",IF(AND(J2>=Schedule!$G100,J2<=Schedule!$H100),"■","")) | ... CN99: =IF(CN2="","",IF(AND(CN2>=Schedule!$G100,CN2<=Schedule!$H100),"■",""))
A100: =Schedule!A101 -> 0 | B100: =Schedule!B101 -> 0 | C100: =IF(C2="","",IF(AND(C2>=Schedule!$G101,C2<=Schedule!$H101),"■","")) | D100: =IF(D2="","",IF(AND(D2>=Schedule!$G101,D2<=Schedule!$H101),"■","")) | E100: =IF(E2="","",IF(AND(E2>=Schedule!$G101,E2<=Schedule!$H101),"■","")) | F100: =IF(F2="","",IF(AND(F2>=Schedule!$G101,F2<=Schedule!$H101),"■","")) | G100: =IF(G2="","",IF(AND(G2>=Schedule!$G101,G2<=Schedule!$H101),"■","")) | H100: =IF(H2="","",IF(AND(H2>=Schedule!$G101,H2<=Schedule!$H101),"■","")) | I100: =IF(I2="","",IF(AND(I2>=Schedule!$G101,I2<=Schedule!$H101),"■","")) | J100: =IF(J2="","",IF(AND(J2>=Schedule!$G101,J2<=Schedule!$H101),"■","")) | ... CN100: =IF(CN2="","",IF(AND(CN2>=Schedule!$G101,CN2<=Schedule!$H101),"■",""))
...
